run,generation,best_fitness,mean_fitness,std_fitness,best_so_far
1,0,0.6215713989785874,0.9748110333688708,0.12946080547664093,0.6215713989785874
1,1,0.6139894096015246,0.9362215817864364,0.13483861455650684,0.6139894096015246
1,2,0.5444406690590915,0.8799657617892647,0.15157747860422915,0.5444406690590915
1,3,0.3791772242190634,0.8105380843922307,0.16891397395705918,0.3791772242190634
1,4,0.3791772242190634,0.7448283383954643,0.1765482319557595,0.3791772242190634
1,5,0.21165693360200066,0.6681850188095522,0.19020099881879926,0.21165693360200066
1,6,0.1749219243265372,0.5700973817962535,0.1560415399321691,0.1749219243265372
1,7,0.1749219243265372,0.5411293270729245,0.15112046078006353,0.1749219243265372
1,8,0.1749219243265372,0.4791477357133938,0.13718578297799272,0.1749219243265372
1,9,0.1749219243265372,0.4246657681245832,0.12783393538527157,0.1749219243265372
1,10,0.1749219243265372,0.39987579995310146,0.13872342648465086,0.1749219243265372
1,11,0.1424070939453861,0.3787201406055161,0.12188075637127768,0.1424070939453861
1,12,-0.0922233443552285,0.3565118876875425,0.14393383616225228,-0.0922233443552285
1,13,-0.0922233443552285,0.3169837389685748,0.13935386715799045,-0.0922233443552285
1,14,-0.0922233443552285,0.2926304574633676,0.14883420498278757,-0.0922233443552285
1,15,-0.09919379086164204,0.2753631052992972,0.18510507777929636,-0.09919379086164204
1,16,-0.1466365434683592,0.23158747778371194,0.17366569857368974,-0.1466365434683592
1,17,-0.1466365434683592,0.186897718541986,0.16338301020679177,-0.1466365434683592
1,18,-0.1466365434683592,0.15161965229698218,0.1702836649934099,-0.1466365434683592
1,19,-0.1466365434683592,0.0936709382165866,0.1504418213629801,-0.1466365434683592
1,20,-0.1466365434683592,0.05436954888034688,0.13619628322885668,-0.1466365434683592
1,21,-0.1466365434683592,0.048451668582861686,0.1670054903043899,-0.1466365434683592
1,22,-0.1466365434683592,-0.0002436158889364067,0.1304070347737458,-0.1466365434683592
1,23,-0.31157995521889204,-0.022538885741719028,0.1398109367013544,-0.31157995521889204
1,24,-0.31157995521889204,-0.04452298618583391,0.16008349911235292,-0.31157995521889204
1,25,-0.31157995521889204,-0.06167601685819809,0.1363240775223318,-0.31157995521889204
1,26,-0.3553069059343579,-0.090092501728871,0.13082865449933764,-0.3553069059343579
1,27,-0.3553069059343579,-0.07010551596798348,0.17058464318369124,-0.3553069059343579
1,28,-0.3553069059343579,-0.05101456436724846,0.19401140627226013,-0.3553069059343579
1,29,-0.3553069059343579,-0.0901632481000523,0.17903734943217375,-0.3553069059343579
1,30,-0.3553069059343579,-0.04357391760057528,0.23693699065747958,-0.3553069059343579
1,31,-0.3553069059343579,-0.0920093675393281,0.20158619489214147,-0.3553069059343579
1,32,-0.3626943169683019,-0.10776037388663967,0.20617891549809222,-0.3626943169683019
1,33,-0.3626943169683019,-0.06486689084364712,0.23192826861240548,-0.3626943169683019
1,34,-0.3626943169683019,-0.09672121055344256,0.19524852590331457,-0.3626943169683019
1,35,-0.3626943169683019,-0.10256676402229095,0.2073608970325723,-0.3626943169683019
1,36,-0.3626943169683019,-0.10813671903202172,0.183500848652813,-0.3626943169683019
1,37,-0.3626943169683019,-0.14638795727249818,0.1504302221347293,-0.3626943169683019
1,38,-0.3850536883426181,-0.1624944471832714,0.1659613068157675,-0.3850536883426181
1,39,-0.3850536883426181,-0.19337265548069843,0.13281469904376578,-0.3850536883426181
1,40,-0.3850536883426181,-0.21397854186573922,0.1215806012644827,-0.3850536883426181
1,41,-0.3850536883426181,-0.19506439006540605,0.17263177353807146,-0.3850536883426181
1,42,-0.3850536883426181,-0.17861923461090676,0.19930827737071283,-0.3850536883426181
1,43,-0.3850536883426181,-0.17732570244602128,0.18306800889458588,-0.3850536883426181
1,44,-0.3955153582538191,-0.204456348117755,0.14409669176484574,-0.3955153582538191
1,45,-0.3955153582538191,-0.20494901588605757,0.15187067507292362,-0.3955153582538191
1,46,-0.4041357090886304,-0.2410348469485445,0.11057265755810505,-0.4041357090886304
1,47,-0.46683574913733894,-0.17568897709271528,0.22738218685412534,-0.46683574913733894
1,48,-0.46683574913733894,-0.23048813607869043,0.14745367667042492,-0.46683574913733894
1,49,-0.46683574913733894,-0.21574922888941434,0.2931962234496152,-0.46683574913733894
1,50,-0.46683574913733894,-0.23318689710180826,0.1558104812484805,-0.46683574913733894
1,51,-0.46683574913733894,-0.21616543586058448,0.18342980494036923,-0.46683574913733894
1,52,-0.46683574913733894,-0.22621456658639857,0.18969464628917854,-0.46683574913733894
1,53,-0.46683574913733894,-0.2528133839490215,0.1354445951476247,-0.46683574913733894
1,54,-0.46683574913733894,-0.220859184661845,0.16020966084185292,-0.46683574913733894
1,55,-0.46683574913733894,-0.20588262630053036,0.17494166172543943,-0.46683574913733894
1,56,-0.46683574913733894,-0.18032429261885247,0.22187430879024075,-0.46683574913733894
1,57,-0.46683574913733894,-0.18320201670822525,0.24825794686891073,-0.46683574913733894
1,58,-0.46683574913733894,-0.17125956692469566,0.2070087588128751,-0.46683574913733894
1,59,-0.46683574913733894,-0.1950759644090211,0.17916326817774553,-0.46683574913733894
1,60,-0.47164702751841014,-0.20069396315178628,0.1983764775231737,-0.47164702751841014
1,61,-0.5257211124033703,-0.2059042390912107,0.2167522860861801,-0.5257211124033703
1,62,-0.5257211124033703,-0.22811203313393272,0.2132603138527952,-0.5257211124033703
1,63,-0.5257211124033703,-0.2744571937783858,0.14863829825807862,-0.5257211124033703
1,64,-0.5257211124033703,-0.25899502711888156,0.1663597820360647,-0.5257211124033703
1,65,-0.5257211124033703,-0.2528763202455168,0.15909532172560148,-0.5257211124033703
1,66,-0.5257211124033703,-0.2583515129968846,0.16655822801150702,-0.5257211124033703
1,67,-0.5257211124033703,-0.25281002343706727,0.16248270677058246,-0.5257211124033703
1,68,-0.5257211124033703,-0.2634353465193006,0.1790987722958655,-0.5257211124033703
1,69,-0.5257211124033703,-0.2320615142616206,0.21963133773705143,-0.5257211124033703
1,70,-0.5257211124033703,-0.27885376754208596,0.17239036539229136,-0.5257211124033703
1,71,-0.5257211124033703,-0.2923178934267277,0.1832086308885906,-0.5257211124033703
1,72,-0.5257211124033703,-0.2636940384650647,0.22454726787982326,-0.5257211124033703
1,73,-0.5257211124033703,-0.30555772468716097,0.16561734146123955,-0.5257211124033703
1,74,-0.5257211124033703,-0.2505172093597447,0.2536875314782709,-0.5257211124033703
1,75,-0.5257211124033703,-0.2469570475950286,0.21657775145039385,-0.5257211124033703
1,76,-0.5257211124033703,-0.22564657068326657,0.23401833988854345,-0.5257211124033703
1,77,-0.5257211124033703,-0.2331687198983196,0.21100180738479968,-0.5257211124033703
1,78,-0.5257211124033703,-0.24714953288349567,0.20842319705390835,-0.5257211124033703
1,79,-0.5257211124033703,-0.21524711678468236,0.23841633973463233,-0.5257211124033703
1,80,-0.5257211124033703,-0.16857004063891298,0.296669442635926,-0.5257211124033703
1,81,-0.5257211124033703,-0.2203867827959625,0.2612549080372134,-0.5257211124033703
1,82,-0.5257211124033703,-0.24792555356447407,0.25262201717768495,-0.5257211124033703
1,83,-0.5257211124033703,-0.2789952508768575,0.21178148369253996,-0.5257211124033703
1,84,-0.5257211124033703,-0.3115978270150331,0.15972694494234174,-0.5257211124033703
1,85,-0.5257211124033703,-0.31179547769627697,0.14085506423365085,-0.5257211124033703
1,86,-0.5257211124033703,-0.3118513858046772,0.13023165222576594,-0.5257211124033703
1,87,-0.5257211124033703,-0.26759555556141457,0.19417163338406257,-0.5257211124033703
1,88,-0.5257211124033703,-0.24337876731262073,0.2069853469301956,-0.5257211124033703
1,89,-0.5257211124033703,-0.2565450389007829,0.21108166095854564,-0.5257211124033703
1,90,-0.5257211124033703,-0.2884920575865847,0.16382252352856466,-0.5257211124033703
1,91,-0.5257211124033703,-0.29264183786934694,0.20895778120673134,-0.5257211124033703
1,92,-0.5257211124033703,-0.2920632424110274,0.16201895114923817,-0.5257211124033703
1,93,-0.5257211124033703,-0.27507544640829484,0.1969882665377707,-0.5257211124033703
1,94,-0.5257211124033703,-0.3163810516966415,0.13631186777772444,-0.5257211124033703
1,95,-0.5257211124033703,-0.30338418926573335,0.14813845700134157,-0.5257211124033703
1,96,-0.5257211124033703,-0.2841858852331889,0.17764870864541207,-0.5257211124033703
1,97,-0.5257211124033703,-0.27887615293709617,0.18366285943794539,-0.5257211124033703
1,98,-0.5257211124033703,-0.29401333216283043,0.1564393860500003,-0.5257211124033703
1,99,-0.5257211124033703,-0.328836600543073,0.12077399616859741,-0.5257211124033703
1,100,-0.5257211124033703,-0.26134875591685996,0.22266986179859727,-0.5257211124033703
1,101,-0.5257211124033703,-0.31550142112068985,0.16389418738749612,-0.5257211124033703
1,102,-0.5257211124033703,-0.31747839544267165,0.1726407899627282,-0.5257211124033703
1,103,-0.5362572259821752,-0.29567722954052367,0.21581347170243995,-0.5362572259821752
1,104,-0.5362572259821752,-0.30708441514380397,0.18362471248140788,-0.5362572259821752
1,105,-0.5362572259821752,-0.330060286568216,0.1589036770227134,-0.5362572259821752
1,106,-0.5362572259821752,-0.3443960136794193,0.1500177934309684,-0.5362572259821752
1,107,-0.5362572259821752,-0.3332534818949238,0.21186642410157472,-0.5362572259821752
1,108,-0.5362572259821752,-0.31938316516889004,0.17619650910559292,-0.5362572259821752
1,109,-0.5362572259821752,-0.3253661691588183,0.16231418531518446,-0.5362572259821752
1,110,-0.5362572259821752,-0.3334820425281484,0.1489705196751252,-0.5362572259821752
1,111,-0.5362572259821752,-0.30336000689961107,0.1927430945353517,-0.5362572259821752
1,112,-0.5362572259821752,-0.2961940358853008,0.18868376731411715,-0.5362572259821752
1,113,-0.5362572259821752,-0.31586163388709826,0.1799771372536396,-0.5362572259821752
1,114,-0.5362572259821752,-0.27434128796198015,0.23087616230487001,-0.5362572259821752
1,115,-0.5362572259821752,-0.2776322594916792,0.19761808127704455,-0.5362572259821752
1,116,-0.5362572259821752,-0.2592930891303636,0.20883358301114763,-0.5362572259821752
1,117,-0.5362572259821752,-0.23575820729130162,0.26850621533356483,-0.5362572259821752
1,118,-0.5362572259821752,-0.21106475906935437,0.3014042165621961,-0.5362572259821752
1,119,-0.5362572259821752,-0.2081736069143042,0.3173317693359336,-0.5362572259821752
1,120,-0.5362572259821752,-0.25364997266597816,0.2660777932748005,-0.5362572259821752
1,121,-0.5362572259821752,-0.2317188813770802,0.28104631509887246,-0.5362572259821752
1,122,-0.5362572259821752,-0.22542745266719189,0.29385660660892743,-0.5362572259821752
1,123,-0.5362572259821752,-0.25778850770917094,0.2371497957850844,-0.5362572259821752
1,124,-0.5362572259821752,-0.25322634838818153,0.22734897985196734,-0.5362572259821752
1,125,-0.5362572259821752,-0.19842074523652967,0.34726342339697736,-0.5362572259821752
1,126,-0.5362572259821752,-0.27258196038788574,0.19225406564609737,-0.5362572259821752
1,127,-0.5362572259821752,-0.30651331757278205,0.15607919197707396,-0.5362572259821752
1,128,-0.5362572259821752,-0.3055789217564463,0.16247746004381058,-0.5362572259821752
1,129,-0.5362572259821752,-0.25139785878297194,0.24686993475059518,-0.5362572259821752
1,130,-0.5362572259821752,-0.24812635005007763,0.2555803639561126,-0.5362572259821752
1,131,-0.5362572259821752,-0.2697421758160269,0.1998254677591304,-0.5362572259821752
1,132,-0.5362572259821752,-0.2658901120282657,0.17755258798414197,-0.5362572259821752
1,133,-0.5362572259821752,-0.20383742210783212,0.26343196293423277,-0.5362572259821752
1,134,-0.5362572259821752,-0.22879983857562883,0.23318551162602455,-0.5362572259821752
1,135,-0.5362572259821752,-0.2680283632494101,0.19933397049712837,-0.5362572259821752
1,136,-0.5362572259821752,-0.3243814019944779,0.12398486359069318,-0.5362572259821752
1,137,-0.5362572259821752,-0.3248018953705351,0.1521296003511389,-0.5362572259821752
1,138,-0.5362572259821752,-0.2689750180520464,0.22570517766064632,-0.5362572259821752
1,139,-0.5362572259821752,-0.2516809524296916,0.2053280385846755,-0.5362572259821752
1,140,-0.5362572259821752,-0.2547864112158482,0.21813488611413792,-0.5362572259821752
1,141,-0.5362572259821752,-0.2248656333529566,0.2899834762918934,-0.5362572259821752
1,142,-0.547257854347855,-0.25398905125583016,0.25418817391615445,-0.547257854347855
1,143,-0.547257854347855,-0.25697410634719237,0.2579132144738735,-0.547257854347855
1,144,-0.547257854347855,-0.27220662627737574,0.23932854075417398,-0.547257854347855
1,145,-0.547257854347855,-0.2144062849384071,0.2733757021559289,-0.547257854347855
1,146,-0.547257854347855,-0.21123251465206483,0.2529509955603675,-0.547257854347855
1,147,-0.547257854347855,-0.2036006805951758,0.27990898681085497,-0.547257854347855
1,148,-0.547257854347855,-0.21101784808792853,0.2930420587043498,-0.547257854347855
1,149,-0.5614632231183307,-0.2509293002911898,0.2906817616149563,-0.5614632231183307
1,150,-0.5614632231183307,-0.22338771054057022,0.2889859519890997,-0.5614632231183307
1,151,-0.5614632231183307,-0.2738626879817684,0.22323028232109132,-0.5614632231183307
1,152,-0.5614632231183307,-0.28818228142378916,0.20669077704161537,-0.5614632231183307
1,153,-0.5614632231183307,-0.2890580691302989,0.21023577093871512,-0.5614632231183307
1,154,-0.5614632231183307,-0.2396099384863544,0.28989632650885383,-0.5614632231183307
1,155,-0.5614632231183307,-0.24221312305427786,0.26757103543571714,-0.5614632231183307
1,156,-0.5614632231183307,-0.2748632976096094,0.26058780088182915,-0.5614632231183307
1,157,-0.5614632231183307,-0.26248919873183213,0.262963212494716,-0.5614632231183307
1,158,-0.5614632231183307,-0.18807822054677228,0.35096785469412034,-0.5614632231183307
1,159,-0.5614632231183307,-0.2911046233870613,0.22197830774155922,-0.5614632231183307
1,160,-0.5614632231183307,-0.27469673823018664,0.21627195262368135,-0.5614632231183307
1,161,-0.5614632231183307,-0.2964342323914116,0.17640032958546426,-0.5614632231183307
1,162,-0.5614632231183307,-0.27323355892656853,0.22049222862129453,-0.5614632231183307
1,163,-0.5614632231183307,-0.2883426985366319,0.17254118329570042,-0.5614632231183307
1,164,-0.5614632231183307,-0.28276795003968613,0.18142592765426396,-0.5614632231183307
1,165,-0.5614632231183307,-0.2795963408478708,0.18232744982017574,-0.5614632231183307
1,166,-0.5614632231183307,-0.20716687727043923,0.2513887403858387,-0.5614632231183307
1,167,-0.5614632231183307,-0.15351342368372528,0.3882656919310017,-0.5614632231183307
1,168,-0.5614632231183307,-0.15424568237464192,0.3682657380906179,-0.5614632231183307
1,169,-0.5614632231183307,-0.1559005732078105,0.3866901655596983,-0.5614632231183307
1,170,-0.5614632231183307,-0.26840164543880646,0.18901226378824706,-0.5614632231183307
1,171,-0.5614632231183307,-0.2775178115965319,0.1637482380363115,-0.5614632231183307
1,172,-0.5614632231183307,-0.26865193499773243,0.21654961660959293,-0.5614632231183307
1,173,-0.5614632231183307,-0.2950489165148224,0.1880366008736874,-0.5614632231183307
1,174,-0.5614632231183307,-0.3029966658959705,0.17658731090725513,-0.5614632231183307
1,175,-0.5614632231183307,-0.27871498579266946,0.215717206475812,-0.5614632231183307
1,176,-0.5614632231183307,-0.29098519606970663,0.20789438791137205,-0.5614632231183307
1,177,-0.5614632231183307,-0.2693845740510453,0.276306915834253,-0.5614632231183307
1,178,-0.5614632231183307,-0.2536087944045002,0.2839489349490808,-0.5614632231183307
1,179,-0.5614632231183307,-0.3334287882941832,0.18011279034531377,-0.5614632231183307
1,180,-0.5614632231183307,-0.3312814989009601,0.1824889561375869,-0.5614632231183307
1,181,-0.5614632231183307,-0.28034191016404325,0.2814562708417726,-0.5614632231183307
1,182,-0.5614632231183307,-0.29760960910800666,0.23718488643696595,-0.5614632231183307
1,183,-0.5614632231183307,-0.30266838446074107,0.24511660624031734,-0.5614632231183307
1,184,-0.5614632231183307,-0.28582583660672006,0.3046837599791335,-0.5614632231183307
1,185,-0.5614632231183307,-0.30137999518091063,0.22703722846266577,-0.5614632231183307
1,186,-0.5614632231183307,-0.2508441651833291,0.3031010980360741,-0.5614632231183307
1,187,-0.5614632231183307,-0.25276459669381374,0.2895172890203156,-0.5614632231183307
1,188,-0.5614632231183307,-0.2687111632377817,0.2444894676378406,-0.5614632231183307
1,189,-0.5614632231183307,-0.2649268442917775,0.29008624719324516,-0.5614632231183307
1,190,-0.5614632231183307,-0.29476286318169803,0.2527270844503059,-0.5614632231183307
1,191,-0.5614632231183307,-0.32365709214732175,0.20279707287206203,-0.5614632231183307
1,192,-0.5614632231183307,-0.3293858018912619,0.2248301131960444,-0.5614632231183307
1,193,-0.5614632231183307,-0.33435204245595906,0.22209165469310968,-0.5614632231183307
1,194,-0.5614632231183307,-0.36683666725728137,0.16408753840944262,-0.5614632231183307
1,195,-0.5805358175086244,-0.348419167369547,0.2035325919942231,-0.5805358175086244
1,196,-0.5805358175086244,-0.3312864381727941,0.22310478931257877,-0.5805358175086244
1,197,-0.5805358175086244,-0.34704590676443065,0.21610296252755448,-0.5805358175086244
1,198,-0.5805358175086244,-0.30035896915152854,0.25353992130835973,-0.5805358175086244
1,199,-0.5805358175086244,-0.3088532098005914,0.23878269037865063,-0.5805358175086244
1,200,-0.5805358175086244,-0.31144138779670266,0.2377249667734484,-0.5805358175086244
1,201,-0.5805358175086244,-0.31873329723795074,0.227808031912323,-0.5805358175086244
1,202,-0.5805358175086244,-0.2621245334297942,0.296740263806792,-0.5805358175086244
1,203,-0.5805358175086244,-0.28402966962662324,0.3036723239573596,-0.5805358175086244
1,204,-0.5805358175086244,-0.30708822027985777,0.26894985687926987,-0.5805358175086244
1,205,-0.5805358175086244,-0.30790903386136653,0.2632478922214134,-0.5805358175086244
1,206,-0.5805358175086244,-0.24266868215995613,0.34216835678142604,-0.5805358175086244
1,207,-0.5805358175086244,-0.2810303133000486,0.28457560191770004,-0.5805358175086244
1,208,-0.5805358175086244,-0.34736739176639936,0.21513791975507504,-0.5805358175086244
1,209,-0.5805358175086244,-0.27907196416549473,0.30561900301368256,-0.5805358175086244
1,210,-0.5805358175086244,-0.270954949111679,0.3194096064857605,-0.5805358175086244
1,211,-0.5805358175086244,-0.2764566534421788,0.2518952486464462,-0.5805358175086244
1,212,-0.5805358175086244,-0.29098570836766746,0.22883919932094643,-0.5805358175086244
1,213,-0.5805358175086244,-0.27494702524207726,0.2414170375370366,-0.5805358175086244
1,214,-0.5805358175086244,-0.23499430481768963,0.31022367167291276,-0.5805358175086244
1,215,-0.5805358175086244,-0.30511356266450884,0.23408098391931126,-0.5805358175086244
1,216,-0.5805358175086244,-0.32163616617256646,0.24364270645314895,-0.5805358175086244
1,217,-0.5805358175086244,-0.3381051339763335,0.22871772856065192,-0.5805358175086244
1,218,-0.5805358175086244,-0.2878267431078037,0.28149141312551906,-0.5805358175086244
1,219,-0.5805358175086244,-0.32677269802711983,0.23130513154278426,-0.5805358175086244
1,220,-0.5805358175086244,-0.3149317634684336,0.24208274229981527,-0.5805358175086244
1,221,-0.5805358175086244,-0.31804432499308777,0.2397778380391514,-0.5805358175086244
1,222,-0.5805358175086244,-0.2582247998269814,0.32878810212111903,-0.5805358175086244
1,223,-0.5805358175086244,-0.30925404381777655,0.2716239750994548,-0.5805358175086244
1,224,-0.5805358175086244,-0.3014893145515958,0.2619500398436972,-0.5805358175086244
1,225,-0.5805358175086244,-0.3104199907466445,0.2835474222752428,-0.5805358175086244
1,226,-0.5805358175086244,-0.3304399889349441,0.22033332856157412,-0.5805358175086244
1,227,-0.5805358175086244,-0.28364961100245545,0.2658896633727816,-0.5805358175086244
1,228,-0.5805358175086244,-0.30611973910540474,0.2564777560483887,-0.5805358175086244
1,229,-0.5805358175086244,-0.29198603251401745,0.3090181142688905,-0.5805358175086244
1,230,-0.5805358175086244,-0.31900969876976043,0.2736393042338279,-0.5805358175086244
1,231,-0.5805358175086244,-0.34040605130937907,0.20047576556908447,-0.5805358175086244
1,232,-0.5805358175086244,-0.3589565528660267,0.17040817890021373,-0.5805358175086244
1,233,-0.5805358175086244,-0.34938713625302065,0.17117256622056518,-0.5805358175086244
1,234,-0.5805358175086244,-0.38562554962116735,0.16295372397260555,-0.5805358175086244
1,235,-0.5992548982014794,-0.3658670743464514,0.21114230342336981,-0.5992548982014794
1,236,-0.5992548982014794,-0.3659633161219627,0.23111808767346295,-0.5992548982014794
1,237,-0.5992548982014794,-0.3648697524501523,0.20079067090036148,-0.5992548982014794
1,238,-0.5992548982014794,-0.3491390374117339,0.22989532162061066,-0.5992548982014794
1,239,-0.5992548982014794,-0.3907866005285989,0.17480260229815853,-0.5992548982014794
1,240,-0.5992548982014794,-0.3171201982935966,0.32711408031283556,-0.5992548982014794
1,241,-0.5992548982014794,-0.3496112578099079,0.26952043680381454,-0.5992548982014794
1,242,-0.5992548982014794,-0.32701789505930967,0.304993780023695,-0.5992548982014794
1,243,-0.5992548982014794,-0.34164698127088544,0.3172236955687918,-0.5992548982014794
1,244,-0.5992548982014794,-0.3916762172502628,0.25783119391779413,-0.5992548982014794
1,245,-0.5992548982014794,-0.38908762630262533,0.23308340049561385,-0.5992548982014794
1,246,-0.5992548982014794,-0.3842718599131947,0.2212646190855236,-0.5992548982014794
1,247,-0.5992548982014794,-0.3943904525062652,0.19950708638491663,-0.5992548982014794
1,248,-0.5992548982014794,-0.4336979083234534,0.13275061195736362,-0.5992548982014794
1,249,-0.5992548982014794,-0.41191811441029785,0.16930145526006474,-0.5992548982014794
1,250,-0.5992548982014794,-0.39380290770490434,0.18370705736776932,-0.5992548982014794
1,251,-0.5992548982014794,-0.3907457477462804,0.16702161718692315,-0.5992548982014794
1,252,-0.5992548982014794,-0.39199395212942306,0.15333850332035548,-0.5992548982014794
1,253,-0.5992548982014794,-0.3743679510905835,0.18011827620364132,-0.5992548982014794
1,254,-0.5992548982014794,-0.3843996120755586,0.18302625435575592,-0.5992548982014794
1,255,-0.5992548982014794,-0.4031123242534374,0.1579655871535296,-0.5992548982014794
1,256,-0.5992548982014794,-0.37552256648600646,0.18049796470384444,-0.5992548982014794
1,257,-0.5992548982014794,-0.38831684811755,0.17170298502948525,-0.5992548982014794
1,258,-0.5992548982014794,-0.3574518099745322,0.2135747020435706,-0.5992548982014794
1,259,-0.5992548982014794,-0.3096976219407605,0.29532076446323274,-0.5992548982014794
1,260,-0.5992548982014794,-0.3494587825791246,0.24163030050641274,-0.5992548982014794
1,261,-0.5992548982014794,-0.3658183263724156,0.23262642434152045,-0.5992548982014794
1,262,-0.5992548982014794,-0.37027417975336174,0.22901109130710778,-0.5992548982014794
1,263,-0.5992548982014794,-0.398269602765776,0.12731700404648572,-0.5992548982014794
1,264,-0.5992548982014794,-0.3759353195922596,0.20018065919770367,-0.5992548982014794
1,265,-0.5992548982014794,-0.30540471326801655,0.28784506539826543,-0.5992548982014794
1,266,-0.5992548982014794,-0.2717183521658749,0.3043634465163096,-0.5992548982014794
1,267,-0.5992548982014794,-0.32056886925840133,0.26258886927455805,-0.5992548982014794
1,268,-0.5992548982014794,-0.3570515512049717,0.18333429956455752,-0.5992548982014794
1,269,-0.5992548982014794,-0.3198962437156549,0.3158130182936046,-0.5992548982014794
1,270,-0.5992548982014794,-0.3369926660764527,0.32501026782358494,-0.5992548982014794
1,271,-0.5992548982014794,-0.3612713373341228,0.18947913584641343,-0.5992548982014794
1,272,-0.5992548982014794,-0.3399106907513305,0.18660841880693035,-0.5992548982014794
1,273,-0.5992548982014794,-0.30942941593595846,0.25724592130155227,-0.5992548982014794
1,274,-0.5992548982014794,-0.290754617734285,0.27153392566378676,-0.5992548982014794
1,275,-0.5992548982014794,-0.3400858843442496,0.1910129760332554,-0.5992548982014794
1,276,-0.5992548982014794,-0.34171181624730196,0.18609970980469587,-0.5992548982014794
1,277,-0.5992548982014794,-0.3334193604100967,0.22427490807808403,-0.5992548982014794
1,278,-0.5992548982014794,-0.33671412950014395,0.2032944966547298,-0.5992548982014794
1,279,-0.5992548982014794,-0.3806047039746446,0.1375158411322943,-0.5992548982014794
1,280,-0.5992548982014794,-0.3781961645882356,0.17061327301094434,-0.5992548982014794
1,281,-0.5992548982014794,-0.4118432890622179,0.1244328380504068,-0.5992548982014794
1,282,-0.5992548982014794,-0.38722016326276054,0.18267492276648123,-0.5992548982014794
1,283,-0.5992548982014794,-0.355334088769952,0.21499956716388108,-0.5992548982014794
1,284,-0.5992548982014794,-0.40675756817632663,0.15726131125565396,-0.5992548982014794
1,285,-0.5992548982014794,-0.4049946935206195,0.16035380673466543,-0.5992548982014794
1,286,-0.5992548982014794,-0.37043072647662184,0.21491788359458228,-0.5992548982014794
1,287,-0.5992548982014794,-0.3758914489830835,0.3069465894347929,-0.5992548982014794
1,288,-0.5992548982014794,-0.3572545858865869,0.24840896285527433,-0.5992548982014794
1,289,-0.5992548982014794,-0.36350539833473683,0.23932705278977065,-0.5992548982014794
1,290,-0.5992548982014794,-0.39578404656373123,0.1925022789682618,-0.5992548982014794
1,291,-0.6335358218923124,-0.3869850576625627,0.21934051758701112,-0.6335358218923124
1,292,-0.6335358218923124,-0.3830681379896936,0.1839767906735998,-0.6335358218923124
1,293,-0.6335358218923124,-0.3685562854460923,0.22430810554125227,-0.6335358218923124
1,294,-0.6335358218923124,-0.34435394432934047,0.2578977892899568,-0.6335358218923124
1,295,-0.6335358218923124,-0.37483600778162474,0.2394768350099453,-0.6335358218923124
1,296,-0.6335358218923124,-0.35639951125217256,0.2560428046443054,-0.6335358218923124
1,297,-0.6335358218923124,-0.3559487656308029,0.25948247847087735,-0.6335358218923124
1,298,-0.6335358218923124,-0.403674645572806,0.17926013457641427,-0.6335358218923124
1,299,-0.6335358218923124,-0.44623481206062904,0.12972703482678363,-0.6335358218923124
1,300,-0.6335358218923124,-0.3672826661081398,0.27473699835913373,-0.6335358218923124
1,301,-0.6335358218923124,-0.3716333377829461,0.25385438902906576,-0.6335358218923124
1,302,-0.6335358218923124,-0.3522408500956185,0.32472905871362817,-0.6335358218923124
1,303,-0.6335358218923124,-0.3821908849892891,0.24203684378115373,-0.6335358218923124
1,304,-0.6335358218923124,-0.4409379736502405,0.16444432422349226,-0.6335358218923124
1,305,-0.6335358218923124,-0.3795982847178669,0.2700667892197524,-0.6335358218923124
1,306,-0.6335358218923124,-0.38981981300105706,0.27523936260311316,-0.6335358218923124
1,307,-0.6335358218923124,-0.4208231133100582,0.16485017378265837,-0.6335358218923124
1,308,-0.6335358218923124,-0.4097193541903525,0.16327751130301896,-0.6335358218923124
1,309,-0.6335358218923124,-0.4061014494044995,0.17203069503586094,-0.6335358218923124
1,310,-0.6594828531953523,-0.4352640249880363,0.15798064196001957,-0.6594828531953523
1,311,-0.6594828531953523,-0.387121485403983,0.22135782454359978,-0.6594828531953523
1,312,-0.6771299491473977,-0.4520536129989061,0.17180036376969168,-0.6771299491473977
1,313,-0.6846327888236254,-0.4430580589643512,0.1938928956857798,-0.6846327888236254
1,314,-0.6846327888236254,-0.4722836347065151,0.1358403581060073,-0.6846327888236254
1,315,-0.6846327888236254,-0.5051022558538545,0.14155788865668917,-0.6846327888236254
1,316,-0.6846327888236254,-0.5054997984212839,0.13696293520566802,-0.6846327888236254
1,317,-0.7600717969635632,-0.4944977952386282,0.21093603513511838,-0.7600717969635632
1,318,-0.7909649648797553,-0.4856133199919732,0.2967141051980279,-0.7909649648797553
1,319,-0.7909649648797553,-0.4568875090402048,0.24102511682287453,-0.7909649648797553
1,320,-0.7909649648797553,-0.5272404754531222,0.18899989269862638,-0.7909649648797553
1,321,-0.7909649648797553,-0.5344219592912416,0.1852091376791285,-0.7909649648797553
1,322,-0.7909649648797553,-0.5078151690588323,0.23405030200637936,-0.7909649648797553
1,323,-0.7909649648797553,-0.48383788367253777,0.274000309708839,-0.7909649648797553
1,324,-0.7909649648797553,-0.5586563932344839,0.20593648364396402,-0.7909649648797553
1,325,-0.7909649648797553,-0.5340743248689844,0.22665160653191135,-0.7909649648797553
1,326,-0.7909649648797553,-0.5081122507627363,0.2453941029903058,-0.7909649648797553
1,327,-0.7909649648797553,-0.5044027278803449,0.23338619908114686,-0.7909649648797553
1,328,-0.7909649648797553,-0.4884790272644236,0.27855779511544093,-0.7909649648797553
1,329,-0.7909649648797553,-0.46883553447112014,0.2733274987309212,-0.7909649648797553
1,330,-0.7909649648797553,-0.46630387216636904,0.2370432986781373,-0.7909649648797553
1,331,-0.7961333527741739,-0.4784224657769201,0.24711482229506482,-0.7961333527741739
1,332,-0.7961333527741739,-0.5121357650265693,0.21323925729620294,-0.7961333527741739
1,333,-0.7961333527741739,-0.5155882879149454,0.22819581432310448,-0.7961333527741739
1,334,-0.7961333527741739,-0.5394382085964243,0.20795547403934553,-0.7961333527741739
1,335,-0.7961333527741739,-0.5148767834834798,0.2519476624653076,-0.7961333527741739
1,336,-0.7961333527741739,-0.5412747432115719,0.2358220660123531,-0.7961333527741739
1,337,-0.7961333527741739,-0.5113514878139658,0.26565340122720793,-0.7961333527741739
1,338,-0.7961333527741739,-0.52848222499946,0.23805297245949247,-0.7961333527741739
1,339,-0.7961333527741739,-0.5609594158795149,0.1779823532763997,-0.7961333527741739
1,340,-0.7961333527741739,-0.5338548970182199,0.21588292179967206,-0.7961333527741739
1,341,-0.7961333527741739,-0.4823408137203701,0.2838082492368331,-0.7961333527741739
1,342,-0.7961333527741739,-0.5076711644119819,0.2395065235045386,-0.7961333527741739
1,343,-0.7961333527741739,-0.5228725309853883,0.21525214697848633,-0.7961333527741739
1,344,-0.7961333527741739,-0.5112181189535374,0.21723733548805704,-0.7961333527741739
1,345,-0.7961333527741739,-0.5139227324694654,0.2503273824166702,-0.7961333527741739
1,346,-0.7961333527741739,-0.5382109928678336,0.2261439312476864,-0.7961333527741739
1,347,-0.7961333527741739,-0.47507779090973623,0.2957536818640797,-0.7961333527741739
1,348,-0.7961333527741739,-0.48277358001049964,0.29029904453942673,-0.7961333527741739
1,349,-0.7961333527741739,-0.542268374223846,0.1847994485754183,-0.7961333527741739
1,350,-0.7961333527741739,-0.5741041292383494,0.12016140746065407,-0.7961333527741739
1,351,-0.7961333527741739,-0.5739144836204401,0.13616948563725814,-0.7961333527741739
1,352,-0.7961333527741739,-0.5546341573661872,0.16863710871997578,-0.7961333527741739
1,353,-0.7961333527741739,-0.5490512919061362,0.1739033837861231,-0.7961333527741739
1,354,-0.7961333527741739,-0.5516161488033444,0.17275982658314748,-0.7961333527741739
1,355,-0.7961333527741739,-0.5223492279344071,0.21724730135503836,-0.7961333527741739
1,356,-0.7961333527741739,-0.48347008348744347,0.31016145192588657,-0.7961333527741739
1,357,-0.7961333527741739,-0.5174244841232222,0.21562578343422575,-0.7961333527741739
1,358,-0.7961333527741739,-0.47300069825912033,0.256097700916509,-0.7961333527741739
1,359,-0.7961333527741739,-0.5458700626179669,0.17880857024159363,-0.7961333527741739
1,360,-0.7961333527741739,-0.5255233285871949,0.28234463283314093,-0.7961333527741739
1,361,-0.7961333527741739,-0.5036260096478047,0.2864798688107998,-0.7961333527741739
1,362,-0.7961333527741739,-0.5316896607648431,0.18750479424486013,-0.7961333527741739
1,363,-0.7961333527741739,-0.4981454269730693,0.25659462460064497,-0.7961333527741739
1,364,-0.7961333527741739,-0.48265327548655956,0.25551801030257437,-0.7961333527741739
1,365,-0.7961333527741739,-0.44648137556317546,0.2821505504972631,-0.7961333527741739
1,366,-0.7961333527741739,-0.4759467920900951,0.24110114635687882,-0.7961333527741739
1,367,-0.7961333527741739,-0.46220946181388817,0.25049224485340216,-0.7961333527741739
1,368,-0.7961333527741739,-0.4040995679765577,0.3373267589745593,-0.7961333527741739
1,369,-0.8492167622696626,-0.4953595809750101,0.2765066578475005,-0.8492167622696626
1,370,-0.8492167622696626,-0.4506415671824685,0.35562719907087176,-0.8492167622696626
1,371,-0.8492167622696626,-0.4355731405161725,0.33878049242282776,-0.8492167622696626
1,372,-0.8492167622696626,-0.4255176498503088,0.30906550107786157,-0.8492167622696626
1,373,-0.8492167622696626,-0.46165277290496204,0.2613463281652653,-0.8492167622696626
1,374,-0.8492167622696626,-0.4100982672002304,0.3543663544364066,-0.8492167622696626
1,375,-0.8492167622696626,-0.44509974378370837,0.30907561783117804,-0.8492167622696626
1,376,-0.8492167622696626,-0.37465223507283507,0.3849602836578404,-0.8492167622696626
1,377,-0.8492167622696626,-0.4274631361390105,0.3075285085214376,-0.8492167622696626
1,378,-0.8492167622696626,-0.44974022149152937,0.3045302440599776,-0.8492167622696626
1,379,-0.8492167622696626,-0.450613279196291,0.31448408799750427,-0.8492167622696626
1,380,-0.8492167622696626,-0.473459214478542,0.3403191753230931,-0.8492167622696626
1,381,-0.8492167622696626,-0.49626983251924334,0.28368072116737686,-0.8492167622696626
1,382,-0.8492167622696626,-0.5051170207674688,0.25661846338968264,-0.8492167622696626
1,383,-0.8492167622696626,-0.48524422058805233,0.26241542645386395,-0.8492167622696626
1,384,-0.8492167622696626,-0.46852035167273304,0.2993106886204126,-0.8492167622696626
1,385,-0.8492167622696626,-0.4190706277181347,0.3454674006321022,-0.8492167622696626
1,386,-0.8492167622696626,-0.41775031218320674,0.3265730861200358,-0.8492167622696626
1,387,-0.8492167622696626,-0.41766323747043554,0.32285852189959535,-0.8492167622696626
1,388,-0.8492167622696626,-0.41898344160295375,0.3237829162719866,-0.8492167622696626
1,389,-0.8492167622696626,-0.4845142759894471,0.2483642329608016,-0.8492167622696626
1,390,-0.8492167622696626,-0.44219791362412747,0.29155613366751454,-0.8492167622696626
1,391,-0.8492167622696626,-0.4664857745894961,0.2815156440601594,-0.8492167622696626
1,392,-0.8492167622696626,-0.47774150387537734,0.2852157404181492,-0.8492167622696626
1,393,-0.8492167622696626,-0.4994366723317808,0.26864491813016644,-0.8492167622696626
1,394,-0.8492167622696626,-0.465188643629521,0.28402724358541975,-0.8492167622696626
1,395,-0.8492167622696626,-0.4340096606557792,0.300023016462654,-0.8492167622696626
1,396,-0.8492167622696626,-0.46393046301433366,0.23646745995988183,-0.8492167622696626
1,397,-0.8492167622696626,-0.4381173570055365,0.265853067220524,-0.8492167622696626
1,398,-0.8492167622696626,-0.4958821485474544,0.24835750439952312,-0.8492167622696626
1,399,-0.8492167622696626,-0.5222826096175693,0.20222455511624707,-0.8492167622696626
1,400,-0.8492167622696626,-0.4572603109308494,0.2701125879193705,-0.8492167622696626
1,401,-0.8492167622696626,-0.5053776528439204,0.250142008153664,-0.8492167622696626
1,402,-0.8492167622696626,-0.43820426931943846,0.34265531292087187,-0.8492167622696626
1,403,-0.8492167622696626,-0.4216633182917001,0.3027324456771893,-0.8492167622696626
1,404,-0.8492167622696626,-0.5310634496169022,0.23269418873005535,-0.8492167622696626
1,405,-0.8492167622696626,-0.5171934537394692,0.24930183524592148,-0.8492167622696626
1,406,-0.8492167622696626,-0.5305994329959053,0.23054022293273646,-0.8492167622696626
1,407,-0.8492167622696626,-0.533045902995718,0.24578097414267813,-0.8492167622696626
1,408,-0.8492167622696626,-0.5157400106574027,0.30311042022867035,-0.8492167622696626
1,409,-0.8492167622696626,-0.5083280134861851,0.29019902390455765,-0.8492167622696626
1,410,-0.8492167622696626,-0.5374937644421626,0.19774770543094972,-0.8492167622696626
1,411,-0.8492167622696626,-0.48656843837227215,0.2897783538117592,-0.8492167622696626
1,412,-0.8492167622696626,-0.5293433075198404,0.24952817343620065,-0.8492167622696626
1,413,-0.8492167622696626,-0.47814475379439775,0.30100540002261894,-0.8492167622696626
1,414,-0.8492167622696626,-0.4326344852115659,0.3289839920525437,-0.8492167622696626
1,415,-0.8492167622696626,-0.42108515944705255,0.30820114386618525,-0.8492167622696626
1,416,-0.8492167622696626,-0.4414766382637435,0.2985335571705442,-0.8492167622696626
1,417,-0.8492167622696626,-0.47320533183368896,0.3000526344583793,-0.8492167622696626
1,418,-0.8492167622696626,-0.4478947185406208,0.32663651006250255,-0.8492167622696626
1,419,-0.8492167622696626,-0.4343158051932417,0.3459571876412617,-0.8492167622696626
1,420,-0.8492167622696626,-0.4282730772749724,0.2986333907516708,-0.8492167622696626
1,421,-0.8492167622696626,-0.41110331069580247,0.2908690310052204,-0.8492167622696626
1,422,-0.8492167622696626,-0.4501676381012792,0.26237838526443974,-0.8492167622696626
1,423,-0.8492167622696626,-0.4014220691986123,0.36705151559670296,-0.8492167622696626
1,424,-0.8492167622696626,-0.45578136637769334,0.3360749100283768,-0.8492167622696626
1,425,-0.8868254486687557,-0.5326253884360469,0.26025163122183015,-0.8868254486687557
1,426,-0.9035164450115144,-0.519920914573505,0.290405070538833,-0.9035164450115144
1,427,-0.9035164450115144,-0.5732718963351043,0.17480816501701088,-0.9035164450115144
1,428,-0.9035164450115144,-0.5635280037781194,0.19738527470942557,-0.9035164450115144
1,429,-0.9035164450115144,-0.5904641023671857,0.19543535887188815,-0.9035164450115144
1,430,-0.9035164450115144,-0.5747342908984402,0.22053657469886453,-0.9035164450115144
1,431,-0.9035164450115144,-0.5217783137104884,0.2720205853559856,-0.9035164450115144
1,432,-0.9035164450115144,-0.5419091462131507,0.2510030455936111,-0.9035164450115144
1,433,-0.9035164450115144,-0.5921353921528297,0.22274661524222236,-0.9035164450115144
1,434,-0.9035164450115144,-0.6318799099827246,0.14853105693776908,-0.9035164450115144
1,435,-0.9035164450115144,-0.568084153488367,0.25961160622460544,-0.9035164450115144
1,436,-0.9035164450115144,-0.521315183726289,0.3207287971320085,-0.9035164450115144
1,437,-0.9035164450115144,-0.5474169561500878,0.24415268279495375,-0.9035164450115144
1,438,-0.9035164450115144,-0.5566989803502208,0.23637792379474726,-0.9035164450115144
1,439,-0.9035164450115144,-0.5633718572293218,0.28020292532312,-0.9035164450115144
1,440,-0.9035164450115144,-0.5802256431115729,0.22710953673443435,-0.9035164450115144
1,441,-0.9035164450115144,-0.6018090816003866,0.1995625082723981,-0.9035164450115144
1,442,-0.9035164450115144,-0.5950964120128532,0.20635928364336645,-0.9035164450115144
1,443,-0.9035164450115144,-0.5999553846443788,0.23339823953463837,-0.9035164450115144
1,444,-0.9035164450115144,-0.5541580201081853,0.31593028738021656,-0.9035164450115144
1,445,-0.9035164450115144,-0.5929634118050887,0.2692492701434993,-0.9035164450115144
1,446,-0.9035164450115144,-0.5128354606193816,0.3160323972877817,-0.9035164450115144
1,447,-0.9035164450115144,-0.528402289394674,0.29307630842414023,-0.9035164450115144
1,448,-0.9035164450115144,-0.5591708649539411,0.22411369518997235,-0.9035164450115144
1,449,-0.9035164450115144,-0.5541542221367064,0.26325350456767876,-0.9035164450115144
1,450,-0.9035164450115144,-0.5473753126092686,0.3079618838261337,-0.9035164450115144
1,451,-0.9035164450115144,-0.5215150486180923,0.32430667883908804,-0.9035164450115144
1,452,-0.9035164450115144,-0.569284607550983,0.22967798520247854,-0.9035164450115144
1,453,-0.9035164450115144,-0.591393601772338,0.1782522967855379,-0.9035164450115144
1,454,-0.9035164450115144,-0.5974748459423651,0.23966288209709793,-0.9035164450115144
1,455,-0.9035164450115144,-0.5759063677497733,0.25082677414321036,-0.9035164450115144
1,456,-0.9035164450115144,-0.5976912516611391,0.21590871634921333,-0.9035164450115144
1,457,-0.9035164450115144,-0.5606374078426978,0.2552863117166641,-0.9035164450115144
1,458,-0.9035164450115144,-0.5946834538775806,0.222143376252784,-0.9035164450115144
1,459,-0.9035164450115144,-0.5496940256354207,0.3208568366573833,-0.9035164450115144
1,460,-0.9035164450115144,-0.5693720447072028,0.3284587858683232,-0.9035164450115144
1,461,-0.9035164450115144,-0.6393330649157858,0.22543172672830808,-0.9035164450115144
1,462,-0.9035164450115144,-0.6353721412969708,0.23220342132029329,-0.9035164450115144
1,463,-0.9035164450115144,-0.5921246844551357,0.24977059150352868,-0.9035164450115144
1,464,-0.9035164450115144,-0.5826920831991875,0.2646451680435497,-0.9035164450115144
1,465,-0.9035164450115144,-0.5711176785433454,0.25636562940305985,-0.9035164450115144
1,466,-0.9035164450115144,-0.584516191311628,0.23717015006022185,-0.9035164450115144
1,467,-0.9035164450115144,-0.595402020442932,0.24917415015206862,-0.9035164450115144
1,468,-0.9035164450115144,-0.5664106245750458,0.2905457059371956,-0.9035164450115144
1,469,-0.9035164450115144,-0.6065379034433077,0.25628436809054594,-0.9035164450115144
1,470,-0.9035164450115144,-0.6335658575639035,0.1862273116973175,-0.9035164450115144
1,471,-0.9035164450115144,-0.6417773534444652,0.1972788858645482,-0.9035164450115144
1,472,-0.9035164450115144,-0.6343533037939099,0.21964911190640132,-0.9035164450115144
1,473,-0.9035164450115144,-0.5996566020325143,0.28971912203353667,-0.9035164450115144
1,474,-0.9035164450115144,-0.6219957882671605,0.23985162222290762,-0.9035164450115144
1,475,-0.9035164450115144,-0.6034870888991287,0.2901612108946409,-0.9035164450115144
1,476,-0.9035164450115144,-0.6083447240477043,0.28468263180755216,-0.9035164450115144
1,477,-0.9035164450115144,-0.5896861204948383,0.22576712145710415,-0.9035164450115144
1,478,-0.9035164450115144,-0.5873068182833973,0.2408533787329131,-0.9035164450115144
1,479,-0.9035164450115144,-0.5207053448341324,0.300858921363409,-0.9035164450115144
1,480,-0.9035164450115144,-0.5518706525080602,0.24649194189259319,-0.9035164450115144
1,481,-0.9035164450115144,-0.514165294725933,0.337369342404217,-0.9035164450115144
1,482,-0.9035164450115144,-0.54815144463956,0.26425186266014267,-0.9035164450115144
1,483,-0.9035164450115144,-0.5206765494238724,0.26839205213926326,-0.9035164450115144
1,484,-0.9035164450115144,-0.5866932559803665,0.18078544590919632,-0.9035164450115144
1,485,-0.9035164450115144,-0.49905896414807144,0.28204640567883166,-0.9035164450115144
1,486,-0.9035164450115144,-0.5126193844924648,0.24950071164344398,-0.9035164450115144
1,487,-0.9035164450115144,-0.5341408470469916,0.2411108747736105,-0.9035164450115144
1,488,-0.9035164450115144,-0.5420029220921521,0.23239882687722735,-0.9035164450115144
1,489,-0.9035164450115144,-0.5516660951627521,0.2662808789802304,-0.9035164450115144
1,490,-0.9035164450115144,-0.5768340318927705,0.22063133349877193,-0.9035164450115144
1,491,-0.9035164450115144,-0.5791679911394333,0.22061127620528054,-0.9035164450115144
1,492,-0.9035164450115144,-0.5915297530344806,0.23247649197502945,-0.9035164450115144
1,493,-0.9035164450115144,-0.6246793464964626,0.17558827501682195,-0.9035164450115144
1,494,-0.9035164450115144,-0.6063388428629843,0.18242754470736303,-0.9035164450115144
1,495,-0.9035164450115144,-0.6053064807055606,0.22224880520089263,-0.9035164450115144
1,496,-0.9035164450115144,-0.6203992079154934,0.21390961548467843,-0.9035164450115144
1,497,-0.9035164450115144,-0.5906917243446108,0.2575209321617522,-0.9035164450115144
1,498,-0.9035164450115144,-0.5990951726955721,0.2407455909832382,-0.9035164450115144
1,499,-0.9035164450115144,-0.5573486420829435,0.2808631618987863,-0.9035164450115144
1,500,-0.9035164450115144,-0.5377959899057745,0.2984820101832554,-0.9035164450115144
1,501,-0.9035164450115144,-0.645897495477908,0.15909398939809224,-0.9035164450115144
1,502,-0.9035164450115144,-0.6350189976449304,0.20422734285219374,-0.9035164450115144
1,503,-0.9035164450115144,-0.5583455436167664,0.29228510489552306,-0.9035164450115144
1,504,-0.9035164450115144,-0.6099712846694894,0.26851232918260665,-0.9035164450115144
1,505,-0.9035164450115144,-0.6217319837909802,0.22112941462638241,-0.9035164450115144
1,506,-0.9348881374853013,-0.6198448002312751,0.2455729729492376,-0.9348881374853013
1,507,-0.9348881374853013,-0.5958189429171337,0.2946286457795664,-0.9348881374853013
1,508,-0.9348881374853013,-0.6399506133250732,0.2857412663123922,-0.9348881374853013
1,509,-0.9348881374853013,-0.65540264028506,0.25633746079532654,-0.9348881374853013
1,510,-0.9348881374853013,-0.6890582364958234,0.16288795193309843,-0.9348881374853013
1,511,-0.9348881374853013,-0.7032748272019781,0.1385872244165,-0.9348881374853013
1,512,-0.9348881374853013,-0.6781396971282493,0.15899083732728175,-0.9348881374853013
1,513,-0.9348881374853013,-0.615060746472646,0.23569901893761536,-0.9348881374853013
1,514,-0.9348881374853013,-0.6451111818630811,0.21339350226926918,-0.9348881374853013
1,515,-0.9348881374853013,-0.6544205602814521,0.21057641273484248,-0.9348881374853013
1,516,-0.9348881374853013,-0.6386462687643064,0.22802697528994817,-0.9348881374853013
1,517,-0.9709119970346738,-0.6912687531900171,0.20253256771114383,-0.9709119970346738
1,518,-0.9709119970346738,-0.6552310897709507,0.25257020507296546,-0.9709119970346738
1,519,-0.9709119970346738,-0.6277259152747432,0.24658008464492556,-0.9709119970346738
1,520,-0.9709119970346738,-0.6865038090365213,0.22732456131220605,-0.9709119970346738
1,521,-0.9709119970346738,-0.6889447995722215,0.18384555646813588,-0.9709119970346738
1,522,-0.9709119970346738,-0.6590815939196928,0.20857556596912752,-0.9709119970346738
1,523,-0.9709119970346738,-0.6993213391617014,0.1770101585551458,-0.9709119970346738
1,524,-0.9709119970346738,-0.7191622068941911,0.18639284194340766,-0.9709119970346738
1,525,-0.9709119970346738,-0.7045648279998816,0.19569417593219585,-0.9709119970346738
1,526,-0.9709119970346738,-0.7191819941027321,0.16570671549429988,-0.9709119970346738
1,527,-0.9709119970346738,-0.6969058314890849,0.2099196557701253,-0.9709119970346738
1,528,-0.9709119970346738,-0.6751492823198005,0.22286857158677165,-0.9709119970346738
1,529,-0.9709119970346738,-0.6377521539355556,0.3061209163065646,-0.9709119970346738
1,530,-0.9709119970346738,-0.6620873591294106,0.21121871851470897,-0.9709119970346738
1,531,-0.9709119970346738,-0.6823201726229334,0.16871049285702364,-0.9709119970346738
1,532,-0.9709119970346738,-0.6302420347716603,0.23064940851396964,-0.9709119970346738
1,533,-0.9709119970346738,-0.5889510879167204,0.309441498169976,-0.9709119970346738
1,534,-0.9709119970346738,-0.5940679211804991,0.3020175823696213,-0.9709119970346738
1,535,-0.9709119970346738,-0.6841695261389393,0.17366433743561543,-0.9709119970346738
1,536,-0.9709119970346738,-0.6914129236403388,0.18649284058847512,-0.9709119970346738
1,537,-0.9709119970346738,-0.685638397597272,0.18768138077937346,-0.9709119970346738
1,538,-0.9709119970346738,-0.6977287979354238,0.1674734721516378,-0.9709119970346738
1,539,-0.9709119970346738,-0.688302993147124,0.18924736282069615,-0.9709119970346738
1,540,-0.9709119970346738,-0.6813157169622717,0.19054991438931093,-0.9709119970346738
1,541,-0.9709119970346738,-0.6559079217596581,0.23037393518040744,-0.9709119970346738
1,542,-0.9709119970346738,-0.6721681583109348,0.19809150124177155,-0.9709119970346738
1,543,-0.9709119970346738,-0.6818532918804008,0.19455812670626216,-0.9709119970346738
1,544,-0.9709119970346738,-0.6805049735571099,0.21276537562728481,-0.9709119970346738
1,545,-0.9709119970346738,-0.677926810426302,0.22434083739712146,-0.9709119970346738
1,546,-0.9709119970346738,-0.6618665422021986,0.24848447028825757,-0.9709119970346738
1,547,-0.9709119970346738,-0.6731119475844309,0.22916773868003645,-0.9709119970346738
1,548,-0.9709119970346738,-0.6914060790526144,0.20346717091898456,-0.9709119970346738
1,549,-0.9709119970346738,-0.6911679102906525,0.2576023768585826,-0.9709119970346738
1,550,-0.9709119970346738,-0.6986509094367397,0.2506528629158921,-0.9709119970346738
1,551,-0.9709119970346738,-0.6319415535012876,0.30358291516808217,-0.9709119970346738
1,552,-0.9709119970346738,-0.6454525376649725,0.25462228438441836,-0.9709119970346738
1,553,-0.9709119970346738,-0.6282320531443962,0.24641335788332705,-0.9709119970346738
1,554,-0.9709119970346738,-0.664050407440447,0.2280362770607634,-0.9709119970346738
1,555,-0.9709119970346738,-0.6614668281957652,0.2595792331731578,-0.9709119970346738
1,556,-0.9709119970346738,-0.6731523584897354,0.25578983833986835,-0.9709119970346738
1,557,-0.9709119970346738,-0.6772703322638308,0.2576675009456008,-0.9709119970346738
1,558,-0.9709119970346738,-0.6963569837564632,0.2425681476051142,-0.9709119970346738
1,559,-0.9709119970346738,-0.7132550225323119,0.23302726794620698,-0.9709119970346738
1,560,-0.9709119970346738,-0.7447565622530239,0.16455506930966168,-0.9709119970346738
1,561,-0.9709119970346738,-0.7204238612861397,0.18665597969907555,-0.9709119970346738
1,562,-0.9709119970346738,-0.7129370946020686,0.17334284821551252,-0.9709119970346738
1,563,-0.9709119970346738,-0.6808580157298155,0.19957021626082708,-0.9709119970346738
1,564,-0.9709119970346738,-0.6943075236390598,0.198016773300526,-0.9709119970346738
1,565,-0.9709119970346738,-0.7106791971248453,0.1843806699528374,-0.9709119970346738
1,566,-0.9709119970346738,-0.7200247533077354,0.17576636138584953,-0.9709119970346738
1,567,-0.9709119970346738,-0.7303149554570136,0.17077842360202125,-0.9709119970346738
1,568,-0.9709119970346738,-0.7442139384844736,0.1744005254824052,-0.9709119970346738
1,569,-0.9709119970346738,-0.6902207473161216,0.21715903554334587,-0.9709119970346738
1,570,-0.9709119970346738,-0.6835036047350903,0.22770414304016756,-0.9709119970346738
1,571,-0.9709119970346738,-0.7306389174183969,0.1607794629063537,-0.9709119970346738
1,572,-0.9709119970346738,-0.686686725194581,0.23228871141068838,-0.9709119970346738
1,573,-0.9709119970346738,-0.7221676672157628,0.19732198554678332,-0.9709119970346738
1,574,-0.9709119970346738,-0.6881410590922427,0.21342870786986226,-0.9709119970346738
1,575,-0.9709119970346738,-0.687632211127751,0.22466596978368905,-0.9709119970346738
1,576,-0.9709119970346738,-0.6639730841584822,0.22959445856427935,-0.9709119970346738
1,577,-0.9709119970346738,-0.712726152192788,0.1959684939549497,-0.9709119970346738
1,578,-0.9709119970346738,-0.6070540547341833,0.33787070831744936,-0.9709119970346738
1,579,-0.9709119970346738,-0.6463553123543914,0.3232365860141893,-0.9709119970346738
1,580,-0.9709119970346738,-0.5909623275901698,0.3699546495736946,-0.9709119970346738
1,581,-0.9771415200644104,-0.6237401340631143,0.3255833290765331,-0.9771415200644104
1,582,-0.9771415200644104,-0.6242788229562531,0.2654300954670229,-0.9771415200644104
1,583,-0.9771415200644104,-0.6489570928768049,0.24367813001066274,-0.9771415200644104
1,584,-0.9771415200644104,-0.6346115979463487,0.2664177662853655,-0.9771415200644104
1,585,-0.9771415200644104,-0.6192421045866029,0.29905696909598856,-0.9771415200644104
1,586,-0.9771415200644104,-0.6909214120026965,0.176450044136942,-0.9771415200644104
1,587,-0.9771415200644104,-0.6833963055186172,0.1977778564104054,-0.9771415200644104
1,588,-0.9771415200644104,-0.6578248305293383,0.21415516367574042,-0.9771415200644104
1,589,-0.9771415200644104,-0.6232864712135228,0.23809034811513477,-0.9771415200644104
1,590,-0.9771415200644104,-0.6255226031254971,0.26979787262871474,-0.9771415200644104
1,591,-0.9771415200644104,-0.6596337438641615,0.22670243856216216,-0.9771415200644104
1,592,-0.9771415200644104,-0.6825636474550186,0.20561271411989837,-0.9771415200644104
1,593,-0.9771415200644104,-0.6305605000751086,0.24406449835377247,-0.9771415200644104
1,594,-0.9771415200644104,-0.6280875498949381,0.26371547306110904,-0.9771415200644104
1,595,-0.9771415200644104,-0.6282439991258956,0.26304682947079633,-0.9771415200644104
1,596,-0.9771415200644104,-0.6180558893465116,0.2694027885058423,-0.9771415200644104
1,597,-0.9771415200644104,-0.6266506197741507,0.262573713850985,-0.9771415200644104
1,598,-0.9771415200644104,-0.6551011340514978,0.2608567569318828,-0.9771415200644104
1,599,-0.9771415200644104,-0.6834528867558946,0.20614803518941738,-0.9771415200644104
1,600,-0.9771415200644104,-0.6451984850108444,0.2424253546989927,-0.9771415200644104
1,601,-0.9771415200644104,-0.6646723608224296,0.19799055440301197,-0.9771415200644104
1,602,-0.9771415200644104,-0.6908669482465701,0.18508404348280338,-0.9771415200644104
1,603,-0.9771415200644104,-0.6963525049100857,0.18957642459392204,-0.9771415200644104
1,604,-0.9771415200644104,-0.6945412415554005,0.1830571275320881,-0.9771415200644104
1,605,-0.9771415200644104,-0.6484527417750201,0.32786165036892484,-0.9771415200644104
1,606,-0.9771415200644104,-0.6540837317699918,0.293057589519927,-0.9771415200644104
1,607,-0.9771415200644104,-0.6182279935042534,0.3101257662066813,-0.9771415200644104
1,608,-0.9771415200644104,-0.6470002027910167,0.2733352040895193,-0.9771415200644104
1,609,-0.9771415200644104,-0.7011476498678026,0.20405401613385354,-0.9771415200644104
1,610,-0.9771415200644104,-0.665700103641032,0.27082574701719137,-0.9771415200644104
1,611,-0.9771415200644104,-0.6613628930256822,0.28652398034581805,-0.9771415200644104
1,612,-1.0048891143458638,-0.6292710867945793,0.33951397268262246,-1.0048891143458638
1,613,-1.0048891143458638,-0.6641470401912277,0.3126354093341658,-1.0048891143458638
1,614,-1.0048891143458638,-0.7259079922540399,0.22986691938661966,-1.0048891143458638
1,615,-1.0048891143458638,-0.6488907115779478,0.3160434519214577,-1.0048891143458638
1,616,-1.0048891143458638,-0.6331106868912177,0.2882120781068986,-1.0048891143458638
1,617,-1.0048891143458638,-0.6051284899703585,0.3281501411528845,-1.0048891143458638
1,618,-1.0048891143458638,-0.6585519623011872,0.2215319492497076,-1.0048891143458638
1,619,-1.0048891143458638,-0.6514624825002312,0.20370924252178382,-1.0048891143458638
1,620,-1.0048891143458638,-0.6839575429157883,0.20194855298261882,-1.0048891143458638
1,621,-1.0048891143458638,-0.6778710155507782,0.18732662072473324,-1.0048891143458638
1,622,-1.0048891143458638,-0.6515567863822754,0.20192087239556372,-1.0048891143458638
1,623,-1.0048891143458638,-0.6446901842685421,0.2299675431851175,-1.0048891143458638
1,624,-1.0048891143458638,-0.6246709350049311,0.19709983895986838,-1.0048891143458638
1,625,-1.0048891143458638,-0.6304744655923044,0.23178405032547525,-1.0048891143458638
1,626,-1.0048891143458638,-0.5936357650236807,0.29633052111560787,-1.0048891143458638
1,627,-1.0048891143458638,-0.5902466015604703,0.3244798520446372,-1.0048891143458638
1,628,-1.0048891143458638,-0.5985994351693399,0.372916816754818,-1.0048891143458638
1,629,-1.0048891143458638,-0.5452910649791957,0.37307220460200496,-1.0048891143458638
1,630,-1.0048891143458638,-0.5999536834648995,0.30856242864554817,-1.0048891143458638
1,631,-1.0048891143458638,-0.677890369710746,0.21955588666402537,-1.0048891143458638
1,632,-1.0048891143458638,-0.6492369067184814,0.26038919737360555,-1.0048891143458638
1,633,-1.0048891143458638,-0.6614943331683509,0.2682105224148463,-1.0048891143458638
1,634,-1.0048891143458638,-0.6995744776952169,0.2383965287555089,-1.0048891143458638
1,635,-1.0048891143458638,-0.7213023448717821,0.2000270907228809,-1.0048891143458638
1,636,-1.0048891143458638,-0.7296416150922969,0.21003190876048863,-1.0048891143458638
1,637,-1.0048891143458638,-0.6846971849122647,0.28998502209795285,-1.0048891143458638
1,638,-1.0048891143458638,-0.6797140856548122,0.2950085130178179,-1.0048891143458638
1,639,-1.0048891143458638,-0.7203767173831459,0.1983164212652563,-1.0048891143458638
1,640,-1.0048891143458638,-0.7005760006093384,0.22894338923440538,-1.0048891143458638
1,641,-1.0048891143458638,-0.7354356040027908,0.19851913184978912,-1.0048891143458638
1,642,-1.0048891143458638,-0.7702837728526521,0.15210384771332772,-1.0048891143458638
1,643,-1.0048891143458638,-0.718757760721182,0.26248642397696603,-1.0048891143458638
1,644,-1.0048891143458638,-0.7280661631481543,0.24984796466398282,-1.0048891143458638
1,645,-1.0048891143458638,-0.6785338752728683,0.27448004056450387,-1.0048891143458638
1,646,-1.0048891143458638,-0.706432656237268,0.26493400357767366,-1.0048891143458638
1,647,-1.0048891143458638,-0.8074997529434484,0.1373335971330822,-1.0048891143458638
1,648,-1.0048891143458638,-0.7979821366055705,0.15982061601132874,-1.0048891143458638
1,649,-1.0048891143458638,-0.754766009732273,0.31642639374186116,-1.0048891143458638
1,650,-1.0048891143458638,-0.7822245480120937,0.16093365961413697,-1.0048891143458638
1,651,-1.0048891143458638,-0.7297255845951797,0.2517461193707668,-1.0048891143458638
1,652,-1.0048891143458638,-0.7353766108557256,0.264512103027426,-1.0048891143458638
1,653,-1.0208428666305678,-0.7730913102476914,0.21141290460065126,-1.0208428666305678
1,654,-1.0208428666305678,-0.7315590601228504,0.2283260512250471,-1.0208428666305678
1,655,-1.0208428666305678,-0.7771981329873571,0.21183621431966673,-1.0208428666305678
1,656,-1.0208428666305678,-0.7095369781884073,0.28945395997827555,-1.0208428666305678
1,657,-1.0208428666305678,-0.6524772571710156,0.3558821078595003,-1.0208428666305678
1,658,-1.0208428666305678,-0.6949374019374586,0.2872096529531019,-1.0208428666305678
1,659,-1.0208428666305678,-0.7288421388217066,0.27990128576627976,-1.0208428666305678
1,660,-1.0208428666305678,-0.7255932890803406,0.2537949954053194,-1.0208428666305678
1,661,-1.0208428666305678,-0.6862384524335325,0.3352896335110049,-1.0208428666305678
1,662,-1.0208428666305678,-0.6567489937768676,0.3357924316013945,-1.0208428666305678
1,663,-1.0208428666305678,-0.6811913835913114,0.32894168984130273,-1.0208428666305678
1,664,-1.0208428666305678,-0.6289664490967557,0.36280102627177635,-1.0208428666305678
1,665,-1.0208428666305678,-0.6551287377726926,0.3406640425276381,-1.0208428666305678
1,666,-1.0208428666305678,-0.6552626932639944,0.31916944193362556,-1.0208428666305678
1,667,-1.0208428666305678,-0.6523532342165491,0.31866188753833824,-1.0208428666305678
1,668,-1.0208428666305678,-0.6947656598216235,0.26025244064966624,-1.0208428666305678
1,669,-1.0208428666305678,-0.6490039531806471,0.3365620485777607,-1.0208428666305678
1,670,-1.0208428666305678,-0.6321996431552679,0.3435083620721152,-1.0208428666305678
1,671,-1.0208428666305678,-0.6835357595033306,0.30838140524147656,-1.0208428666305678
1,672,-1.0208428666305678,-0.7453240444711743,0.20062412832765217,-1.0208428666305678
1,673,-1.0208428666305678,-0.7197570533332234,0.24375048354392057,-1.0208428666305678
1,674,-1.0208428666305678,-0.7160839641607603,0.28067911076871654,-1.0208428666305678
1,675,-1.0208428666305678,-0.7528180617402241,0.19904953392915672,-1.0208428666305678
1,676,-1.0208428666305678,-0.7813639701533669,0.17452852632013693,-1.0208428666305678
1,677,-1.0208428666305678,-0.7403894496241054,0.2358315729742765,-1.0208428666305678
1,678,-1.0208428666305678,-0.6990766236677559,0.267582219015308,-1.0208428666305678
1,679,-1.0208428666305678,-0.625127408262861,0.34964883682932235,-1.0208428666305678
1,680,-1.0208428666305678,-0.6586591892690815,0.2751226878232012,-1.0208428666305678
1,681,-1.0208428666305678,-0.6766733287978042,0.28777207171029096,-1.0208428666305678
1,682,-1.0208428666305678,-0.6127890375637731,0.3397620455024999,-1.0208428666305678
1,683,-1.0208428666305678,-0.6148369084031027,0.3300362736884542,-1.0208428666305678
1,684,-1.0208428666305678,-0.6352786609758005,0.2809456032843181,-1.0208428666305678
1,685,-1.0208428666305678,-0.6501970164646185,0.32188418875396313,-1.0208428666305678
1,686,-1.0208428666305678,-0.6898849694409465,0.2769290479004426,-1.0208428666305678
1,687,-1.0208428666305678,-0.6693538106480115,0.31743119823669813,-1.0208428666305678
1,688,-1.0208428666305678,-0.6598734267316588,0.319271229189333,-1.0208428666305678
1,689,-1.0208428666305678,-0.6773878142273323,0.364085855277153,-1.0208428666305678
1,690,-1.0208428666305678,-0.7165321626247839,0.3306349031561745,-1.0208428666305678
1,691,-1.0208428666305678,-0.739042180112159,0.20765127194090635,-1.0208428666305678
1,692,-1.0208428666305678,-0.6894561207761318,0.2510947370362108,-1.0208428666305678
1,693,-1.0208428666305678,-0.6701907620470434,0.28775995324627623,-1.0208428666305678
1,694,-1.0208428666305678,-0.6321994634948174,0.31570095878797433,-1.0208428666305678
1,695,-1.0208428666305678,-0.6116901149304074,0.32614589026956015,-1.0208428666305678
1,696,-1.0208428666305678,-0.6048237655474448,0.3449180845246912,-1.0208428666305678
1,697,-1.0208428666305678,-0.6357937632805555,0.35207134813869523,-1.0208428666305678
1,698,-1.0208428666305678,-0.6244947942298761,0.3448722395979417,-1.0208428666305678
1,699,-1.0360823884685435,-0.6837587431099171,0.2513904256034523,-1.0360823884685435
1,700,-1.0360823884685435,-0.7112558163538327,0.2665434809444596,-1.0360823884685435
1,701,-1.0933651847581332,-0.7809545728234505,0.236152590665087,-1.0933651847581332
1,702,-1.0933651847581332,-0.822405423357452,0.22875621518326011,-1.0933651847581332
1,703,-1.0933651847581332,-0.7959610950403623,0.24127603747428356,-1.0933651847581332
1,704,-1.0933651847581332,-0.7968929677224632,0.25944308821738815,-1.0933651847581332
1,705,-1.0933651847581332,-0.7469969926278544,0.33304237878798576,-1.0933651847581332
1,706,-1.0933651847581332,-0.8229898456350113,0.2420787937827313,-1.0933651847581332
1,707,-1.0933651847581332,-0.8345876741556777,0.2073184754620765,-1.0933651847581332
1,708,-1.0933651847581332,-0.7931529717262991,0.2770825923942373,-1.0933651847581332
1,709,-1.0933651847581332,-0.8264958093268325,0.27674321128980695,-1.0933651847581332
1,710,-1.1089493316595265,-0.8626020303077795,0.2318756433236497,-1.1089493316595265
1,711,-1.1089493316595265,-0.8071097523609129,0.382874919852886,-1.1089493316595265
1,712,-1.1089493316595265,-0.7840736076753533,0.3669559902864526,-1.1089493316595265
1,713,-1.1089493316595265,-0.7290762600669359,0.4753231797477203,-1.1089493316595265
1,714,-1.1089493316595265,-0.6842784357161,0.48242598093856603,-1.1089493316595265
1,715,-1.1089493316595265,-0.6779785310125516,0.47582552406665807,-1.1089493316595265
1,716,-1.1089493316595265,-0.7164131547585002,0.3971257700906554,-1.1089493316595265
1,717,-1.1089493316595265,-0.6353473564571721,0.4848516632331368,-1.1089493316595265
1,718,-1.1089493316595265,-0.7110985397664241,0.4181066282782467,-1.1089493316595265
1,719,-1.1089493316595265,-0.7825339481546649,0.3791293949369107,-1.1089493316595265
1,720,-1.1089493316595265,-0.8755304146382253,0.18466662583869012,-1.1089493316595265
1,721,-1.1426596423160802,-0.8576428146622597,0.21148577138646982,-1.1426596423160802
1,722,-1.1426596423160802,-0.8863771818201851,0.18050974197463374,-1.1426596423160802
1,723,-1.1426596423160802,-0.8602426929536068,0.19640259509457295,-1.1426596423160802
1,724,-1.1426596423160802,-0.8315224845381995,0.2496178637953022,-1.1426596423160802
1,725,-1.1426596423160802,-0.7620726515634696,0.4402729544824362,-1.1426596423160802
1,726,-1.1426596423160802,-0.860653780544709,0.2617935872041433,-1.1426596423160802
1,727,-1.1426596423160802,-0.8771672799560785,0.24187466541924363,-1.1426596423160802
1,728,-1.1426596423160802,-0.8440832353995547,0.26624044259338275,-1.1426596423160802
1,729,-1.1426596423160802,-0.843721712881022,0.30585568759052795,-1.1426596423160802
1,730,-1.1426596423160802,-0.8171862203682302,0.27609471938618824,-1.1426596423160802
1,731,-1.1426596423160802,-0.8265295595526101,0.3489031789931965,-1.1426596423160802
1,732,-1.1426596423160802,-0.8484177595745236,0.20586881240076255,-1.1426596423160802
1,733,-1.1426596423160802,-0.8275372850558981,0.2279633137179028,-1.1426596423160802
1,734,-1.1426596423160802,-0.8674056903640036,0.2011591562250748,-1.1426596423160802
1,735,-1.1426596423160802,-0.8102356095368498,0.30476859032273107,-1.1426596423160802
1,736,-1.1426596423160802,-0.7612272529785925,0.41314037496968753,-1.1426596423160802
1,737,-1.1426596423160802,-0.8193088151938116,0.27277741304338726,-1.1426596423160802
1,738,-1.1426596423160802,-0.8121259658201262,0.2845564593984079,-1.1426596423160802
1,739,-1.1426596423160802,-0.8149181776583301,0.3207829950544053,-1.1426596423160802
1,740,-1.1426596423160802,-0.8504896344631541,0.28297992557222973,-1.1426596423160802
1,741,-1.1426596423160802,-0.8527377672257413,0.3345368693580273,-1.1426596423160802
1,742,-1.1426596423160802,-0.8536181210460091,0.28777163900768454,-1.1426596423160802
1,743,-1.1426596423160802,-0.8791415277687382,0.22836801161299383,-1.1426596423160802
1,744,-1.1426596423160802,-0.8510229589348658,0.37848115306879415,-1.1426596423160802
1,745,-1.1426596423160802,-0.9176014921999999,0.1819234031803686,-1.1426596423160802
1,746,-1.1426596423160802,-0.8654813638667073,0.2291723526161653,-1.1426596423160802
1,747,-1.1426596423160802,-0.9233997217564551,0.2053052740155294,-1.1426596423160802
1,748,-1.1426596423160802,-0.9087520248058512,0.21035019283027367,-1.1426596423160802
1,749,-1.1426596423160802,-0.939916171082589,0.1594985591226818,-1.1426596423160802
1,750,-1.1426596423160802,-0.9183609071259177,0.18547216143748305,-1.1426596423160802
1,751,-1.1426596423160802,-0.8617825756982705,0.38088009337308787,-1.1426596423160802
1,752,-1.1426596423160802,-0.9422998086002122,0.1953546204525293,-1.1426596423160802
1,753,-1.1426596423160802,-0.9071425276461274,0.19887939461223977,-1.1426596423160802
1,754,-1.1426596423160802,-0.9282352293299116,0.177979192179757,-1.1426596423160802
1,755,-1.1426596423160802,-0.881720149813583,0.21449565423435202,-1.1426596423160802
1,756,-1.1426596423160802,-0.8762067368435388,0.2440667573964345,-1.1426596423160802
1,757,-1.1426596423160802,-0.8211365272916402,0.32386363893909176,-1.1426596423160802
1,758,-1.1426596423160802,-0.8464470666156763,0.2717185653982943,-1.1426596423160802
1,759,-1.1426596423160802,-0.8057930241550988,0.35453877777492804,-1.1426596423160802
1,760,-1.1426596423160802,-0.7699268039867587,0.3706542081791395,-1.1426596423160802
1,761,-1.1426596423160802,-0.8529430606005957,0.22730029741444288,-1.1426596423160802
1,762,-1.1426596423160802,-0.837188390394711,0.3561000474952217,-1.1426596423160802
1,763,-1.1426596423160802,-0.8932724759568588,0.2069500074698671,-1.1426596423160802
1,764,-1.1426596423160802,-0.8950567142039814,0.21950547140257703,-1.1426596423160802
1,765,-1.1426596423160802,-0.8688525351100006,0.2607535808925515,-1.1426596423160802
1,766,-1.1520640275723846,-0.8226857069855685,0.3866973952879024,-1.1520640275723846
1,767,-1.1520640275723846,-0.8087380559478136,0.3157432149566694,-1.1520640275723846
1,768,-1.1520640275723846,-0.8186945870703499,0.2748849117000779,-1.1520640275723846
1,769,-1.1520640275723846,-0.8322805227285189,0.23544725564231542,-1.1520640275723846
1,770,-1.1520640275723846,-0.8139193313931853,0.2690192510128674,-1.1520640275723846
1,771,-1.1520640275723846,-0.794976711975833,0.35774976464099684,-1.1520640275723846
1,772,-1.1520640275723846,-0.6949573445899833,0.48807602963403063,-1.1520640275723846
1,773,-1.1520640275723846,-0.7204969524092645,0.3880676789451982,-1.1520640275723846
1,774,-1.1520640275723846,-0.7940981563446496,0.2973908629148445,-1.1520640275723846
1,775,-1.1520640275723846,-0.8258102021402773,0.24536339497646767,-1.1520640275723846
1,776,-1.1520640275723846,-0.7988447986357917,0.26482684880793966,-1.1520640275723846
1,777,-1.1520640275723846,-0.8029955727955943,0.24987265932768,-1.1520640275723846
1,778,-1.1520640275723846,-0.7285493000069376,0.4108446108293849,-1.1520640275723846
1,779,-1.1520640275723846,-0.7497852729032171,0.3855297131279023,-1.1520640275723846
1,780,-1.1520640275723846,-0.7557705394837781,0.3670501145976309,-1.1520640275723846
1,781,-1.1520640275723846,-0.7812386794461114,0.3530542974028292,-1.1520640275723846
1,782,-1.1520640275723846,-0.7781938996575685,0.36151425230370815,-1.1520640275723846
1,783,-1.1520640275723846,-0.7014493458108481,0.4593723830501722,-1.1520640275723846
1,784,-1.1520640275723846,-0.7188474067050585,0.4331675270346248,-1.1520640275723846
1,785,-1.1520640275723846,-0.7727348922589314,0.33998442882456137,-1.1520640275723846
1,786,-1.1520640275723846,-0.7904196276330331,0.30061058609082214,-1.1520640275723846
1,787,-1.1520640275723846,-0.8100427921198333,0.2540470112609395,-1.1520640275723846
1,788,-1.1520640275723846,-0.8490199483432399,0.21788476656876413,-1.1520640275723846
1,789,-1.1520640275723846,-0.8103621226526226,0.3360147899660082,-1.1520640275723846
1,790,-1.1520640275723846,-0.8361405355814909,0.2596404152820931,-1.1520640275723846
1,791,-1.1520640275723846,-0.7774465950381033,0.42082791844983763,-1.1520640275723846
1,792,-1.1520640275723846,-0.8496663344775487,0.23323009317663176,-1.1520640275723846
1,793,-1.1520640275723846,-0.8042244735525252,0.33627717334515883,-1.1520640275723846
1,794,-1.1520640275723846,-0.7301984582140112,0.40248821003357044,-1.1520640275723846
1,795,-1.1520640275723846,-0.626413052861908,0.510352027915149,-1.1520640275723846
1,796,-1.1520640275723846,-0.6120103880143374,0.5209065839668887,-1.1520640275723846
1,797,-1.1520640275723846,-0.7622999009670485,0.3781372977859352,-1.1520640275723846
1,798,-1.1520640275723846,-0.7414786589589824,0.4195718966464991,-1.1520640275723846
1,799,-1.1520640275723846,-0.8093243754176929,0.3267875523038564,-1.1520640275723846
1,800,-1.1520640275723846,-0.7223484865645466,0.4762139607914145,-1.1520640275723846
1,801,-1.1520640275723846,-0.7956707964466595,0.44334869943783556,-1.1520640275723846
1,802,-1.1520640275723846,-0.7826880478941352,0.4214204971418935,-1.1520640275723846
1,803,-1.1520640275723846,-0.7595039920344997,0.422596813588243,-1.1520640275723846
1,804,-1.1520640275723846,-0.7329223522567947,0.4484640132160307,-1.1520640275723846
1,805,-1.1520640275723846,-0.649069714465948,0.5537346041016658,-1.1520640275723846
1,806,-1.1520640275723846,-0.7681650029170953,0.39876290337939463,-1.1520640275723846
1,807,-1.1520640275723846,-0.6975514126394609,0.439684719325307,-1.1520640275723846
1,808,-1.1520640275723846,-0.7969107691040695,0.2765775575077006,-1.1520640275723846
1,809,-1.1520640275723846,-0.797733147117229,0.3006424976612452,-1.1520640275723846
1,810,-1.1520640275723846,-0.69209078266069,0.4792822174182555,-1.1520640275723846
1,811,-1.1520640275723846,-0.7812938968799903,0.37660424266565856,-1.1520640275723846
1,812,-1.1520640275723846,-0.7555271694785868,0.44728884161378923,-1.1520640275723846
1,813,-1.1520640275723846,-0.7378413145109888,0.4874801454998328,-1.1520640275723846
1,814,-1.1520640275723846,-0.6959084212570766,0.47101418755264246,-1.1520640275723846
1,815,-1.1520640275723846,-0.70929806330833,0.4002945151508014,-1.1520640275723846
1,816,-1.1520640275723846,-0.7596982117159068,0.3181184282416321,-1.1520640275723846
1,817,-1.1520640275723846,-0.7888354309722578,0.3578537093043327,-1.1520640275723846
1,818,-1.1520640275723846,-0.7874091034144437,0.3603991680901292,-1.1520640275723846
1,819,-1.1520640275723846,-0.8555113029467182,0.2293966257264758,-1.1520640275723846
1,820,-1.1520640275723846,-0.8545488134098882,0.21312355318184426,-1.1520640275723846
1,821,-1.1520640275723846,-0.8017603582182111,0.3013151392060597,-1.1520640275723846
1,822,-1.1520640275723846,-0.8406010276899308,0.30243019363172674,-1.1520640275723846
1,823,-1.1520640275723846,-0.7835882757876043,0.348335003645652,-1.1520640275723846
1,824,-1.1520640275723846,-0.7658772001362164,0.35835316154277264,-1.1520640275723846
1,825,-1.1520640275723846,-0.7743068982668606,0.34029798638299724,-1.1520640275723846
1,826,-1.1520640275723846,-0.872326397580723,0.20126521544703962,-1.1520640275723846
1,827,-1.1520640275723846,-0.8399161484583928,0.284166926650307,-1.1520640275723846
1,828,-1.1520640275723846,-0.8435486034188552,0.2994504901503344,-1.1520640275723846
1,829,-1.1520640275723846,-0.842367347567697,0.28038329484371577,-1.1520640275723846
1,830,-1.1520640275723846,-0.8701127798289457,0.25586090874859224,-1.1520640275723846
1,831,-1.1520640275723846,-0.8643798771227368,0.2914560098840259,-1.1520640275723846
1,832,-1.1520640275723846,-0.8709769886396027,0.23943775004974818,-1.1520640275723846
1,833,-1.1520640275723846,-0.9031650087641355,0.21293423968382527,-1.1520640275723846
1,834,-1.1520640275723846,-0.927392467858558,0.19747937914911567,-1.1520640275723846
1,835,-1.1520640275723846,-0.9045577376201469,0.24872764166927844,-1.1520640275723846
1,836,-1.1520640275723846,-0.8612328143817979,0.3279036940305254,-1.1520640275723846
1,837,-1.1520640275723846,-0.8276054650756416,0.3518016801521509,-1.1520640275723846
1,838,-1.1520640275723846,-0.8645636011985364,0.2953569197049261,-1.1520640275723846
1,839,-1.1520640275723846,-0.8819884768924262,0.28808413406385547,-1.1520640275723846
1,840,-1.1520640275723846,-0.8808254299166917,0.25817643967953074,-1.1520640275723846
1,841,-1.1520640275723846,-0.85391156050779,0.2737011113926226,-1.1520640275723846
1,842,-1.1520640275723846,-0.8809772158336785,0.24841860798282403,-1.1520640275723846
1,843,-1.1520640275723846,-0.8559086907608003,0.3023871933453811,-1.1520640275723846
1,844,-1.1520640275723846,-0.8855213924047324,0.25204460276611934,-1.1520640275723846
1,845,-1.1520640275723846,-0.9193182639066444,0.18904713685619892,-1.1520640275723846
1,846,-1.1520640275723846,-0.849222552496748,0.34001218665722116,-1.1520640275723846
1,847,-1.1520640275723846,-0.8884478671782458,0.2454346269477664,-1.1520640275723846
1,848,-1.1520640275723846,-0.8804685833086331,0.22430529219014592,-1.1520640275723846
1,849,-1.1520640275723846,-0.8668952605693376,0.23974518629939162,-1.1520640275723846
1,850,-1.1520640275723846,-0.8771832924850191,0.23019973041390335,-1.1520640275723846
1,851,-1.1520640275723846,-0.8615929253350539,0.25563427202630395,-1.1520640275723846
1,852,-1.1520640275723846,-0.8720469376564536,0.28587346146349113,-1.1520640275723846
1,853,-1.1553397411402484,-0.9210211181064925,0.22463712187324278,-1.1553397411402484
1,854,-1.1553397411402484,-0.8887725799009323,0.23400382573057094,-1.1553397411402484
1,855,-1.1553397411402484,-0.8975892242024892,0.217933369920712,-1.1553397411402484
1,856,-1.1553397411402484,-0.8712568497381448,0.26674929527119823,-1.1553397411402484
1,857,-1.1553397411402484,-0.8948988985001939,0.23562899383338595,-1.1553397411402484
1,858,-1.1553397411402484,-0.8921207996945725,0.2658132195912536,-1.1553397411402484
1,859,-1.1553397411402484,-0.869618208719952,0.2676825584195663,-1.1553397411402484
1,860,-1.1553397411402484,-0.9198569431538299,0.17853339808338975,-1.1553397411402484
1,861,-1.1553397411402484,-0.8283698002331173,0.2974112821327681,-1.1553397411402484
1,862,-1.1553397411402484,-0.8718613533269394,0.23933652547398718,-1.1553397411402484
1,863,-1.1553397411402484,-0.8558446362913933,0.2776040599915475,-1.1553397411402484
1,864,-1.1553397411402484,-0.8392505009074003,0.2958505222163858,-1.1553397411402484
1,865,-1.1553397411402484,-0.8731181116222732,0.23295429559046896,-1.1553397411402484
1,866,-1.1553397411402484,-0.8923916221079261,0.22353866891353819,-1.1553397411402484
1,867,-1.1553397411402484,-0.8604985781013351,0.23640905006125315,-1.1553397411402484
1,868,-1.1553397411402484,-0.8894681096282733,0.18463784437429653,-1.1553397411402484
1,869,-1.1553397411402484,-0.8811427745566871,0.22643524327995868,-1.1553397411402484
1,870,-1.1553397411402484,-0.8363375331096006,0.31273270284286453,-1.1553397411402484
1,871,-1.1553397411402484,-0.9268250573001803,0.19941624690805052,-1.1553397411402484
1,872,-1.1553397411402484,-0.8563200995223547,0.3237442123657752,-1.1553397411402484
1,873,-1.1553397411402484,-0.8950150453974988,0.2508184943870696,-1.1553397411402484
1,874,-1.1553397411402484,-0.9662778371312857,0.14769259492365247,-1.1553397411402484
1,875,-1.1553397411402484,-0.9216218620130381,0.2567193215576428,-1.1553397411402484
1,876,-1.1553397411402484,-0.9447993219700895,0.23088466280656958,-1.1553397411402484
1,877,-1.1553397411402484,-0.8879635566127546,0.2808026979251043,-1.1553397411402484
1,878,-1.1553397411402484,-0.9556082410115766,0.1978904001641786,-1.1553397411402484
1,879,-1.1553397411402484,-0.924950614016882,0.2097094619044226,-1.1553397411402484
1,880,-1.1553397411402484,-0.8626234652045511,0.3549344918716906,-1.1553397411402484
1,881,-1.1553397411402484,-0.865202934280073,0.34156687902043625,-1.1553397411402484
1,882,-1.1553397411402484,-0.8745930585501931,0.33904233098105047,-1.1553397411402484
1,883,-1.1553397411402484,-0.894125876909676,0.24345403270775595,-1.1553397411402484
1,884,-1.1553397411402484,-0.902542529468591,0.22253542735756493,-1.1553397411402484
1,885,-1.1553397411402484,-0.8775422429624996,0.2233838318820138,-1.1553397411402484
1,886,-1.1553397411402484,-0.8572754457465422,0.3154685141472254,-1.1553397411402484
1,887,-1.1553397411402484,-0.8705763789955151,0.29403776564487355,-1.1553397411402484
1,888,-1.1553397411402484,-0.8603799792370465,0.3171699366703655,-1.1553397411402484
1,889,-1.1553397411402484,-0.8497594414216216,0.3647574686240819,-1.1553397411402484
1,890,-1.1553397411402484,-0.8811195992318744,0.34398280467814996,-1.1553397411402484
1,891,-1.1553397411402484,-0.951089360673736,0.18876217479131838,-1.1553397411402484
1,892,-1.1553397411402484,-0.9069589897286595,0.26838565497364425,-1.1553397411402484
1,893,-1.1553397411402484,-0.8668777942855089,0.3159726483570055,-1.1553397411402484
1,894,-1.1553397411402484,-0.9392636445632906,0.2861792447442317,-1.1553397411402484
1,895,-1.1553397411402484,-0.8855613411982817,0.30167523820713554,-1.1553397411402484
1,896,-1.1553397411402484,-0.8897665791907219,0.25821415232935807,-1.1553397411402484
1,897,-1.1553397411402484,-0.8234657985223246,0.34289947076868177,-1.1553397411402484
1,898,-1.1553397411402484,-0.9238984068952976,0.2636676041939917,-1.1553397411402484
1,899,-1.1553397411402484,-0.9532445784236152,0.18032534434861616,-1.1553397411402484
1,900,-1.1553397411402484,-0.9190784503386044,0.2181946028142497,-1.1553397411402484
1,901,-1.1553397411402484,-0.9355507615127242,0.19752038696569207,-1.1553397411402484
1,902,-1.1553397411402484,-0.8955067640797618,0.3305251807676341,-1.1553397411402484
1,903,-1.1553397411402484,-0.9163216820068202,0.24910829013157615,-1.1553397411402484
1,904,-1.1553397411402484,-0.9424629990746574,0.2185297796273099,-1.1553397411402484
1,905,-1.1553397411402484,-0.9069476245626752,0.23951518277178474,-1.1553397411402484
1,906,-1.1553397411402484,-0.891215366666101,0.22595392914547996,-1.1553397411402484
1,907,-1.1553397411402484,-0.8818576968372379,0.24737364298494763,-1.1553397411402484
1,908,-1.1553397411402484,-0.891817890555436,0.2681868508851102,-1.1553397411402484
1,909,-1.1553397411402484,-0.9421335082982826,0.2205985804734785,-1.1553397411402484
1,910,-1.1553397411402484,-0.9035350226458958,0.24554069390882585,-1.1553397411402484
1,911,-1.1553397411402484,-0.8849583762971913,0.2524505898188852,-1.1553397411402484
1,912,-1.1553397411402484,-0.9427790265781318,0.179448840521071,-1.1553397411402484
1,913,-1.1553397411402484,-0.958811864801021,0.18033758430578012,-1.1553397411402484
1,914,-1.1553397411402484,-0.9513115547342023,0.19442939117813807,-1.1553397411402484
1,915,-1.1553397411402484,-0.8637915083070364,0.31861045551770706,-1.1553397411402484
1,916,-1.1553397411402484,-0.8370860607957995,0.32513562276578156,-1.1553397411402484
1,917,-1.1553397411402484,-0.902494857135069,0.23222557276699915,-1.1553397411402484
1,918,-1.1553397411402484,-0.8814481835554705,0.2584858716116001,-1.1553397411402484
1,919,-1.1553397411402484,-0.8875830038516973,0.2345942351499616,-1.1553397411402484
1,920,-1.1553397411402484,-0.9021965458406288,0.21635780055344256,-1.1553397411402484
1,921,-1.1553397411402484,-0.8924983654182014,0.23684272692779001,-1.1553397411402484
1,922,-1.1553397411402484,-0.8708816398757864,0.25888220737906464,-1.1553397411402484
1,923,-1.1553397411402484,-0.8536643843178445,0.26437355834725557,-1.1553397411402484
1,924,-1.1553397411402484,-0.8724878085125127,0.2599090781028675,-1.1553397411402484
1,925,-1.1553397411402484,-0.817672021097825,0.28999324722889674,-1.1553397411402484
1,926,-1.1553397411402484,-0.8820053472141766,0.23607552376939575,-1.1553397411402484
1,927,-1.1553397411402484,-0.8924430290738576,0.23515553018537805,-1.1553397411402484
1,928,-1.1553397411402484,-0.9148072305351388,0.17418583345463373,-1.1553397411402484
1,929,-1.1553397411402484,-0.9338486635701209,0.15772755961593862,-1.1553397411402484
1,930,-1.1625904915230385,-0.9275486543009113,0.1989747673993212,-1.1625904915230385
1,931,-1.1625904915230385,-0.9158216684012547,0.24570979491474035,-1.1625904915230385
1,932,-1.1625904915230385,-0.9152328696684087,0.22526934825967207,-1.1625904915230385
1,933,-1.1625904915230385,-0.8964256383746637,0.24199283160169172,-1.1625904915230385
1,934,-1.1625904915230385,-0.9143807120499132,0.2241784534914258,-1.1625904915230385
1,935,-1.1625904915230385,-0.9165108637993495,0.22680413246858971,-1.1625904915230385
1,936,-1.1625904915230385,-0.9083099015106922,0.23977292100299727,-1.1625904915230385
1,937,-1.1625904915230385,-0.8894659725780204,0.27321221524042083,-1.1625904915230385
1,938,-1.1625904915230385,-0.8810646144375411,0.2648887181894318,-1.1625904915230385
1,939,-1.1625904915230385,-0.8860977814095986,0.2696705332429007,-1.1625904915230385
1,940,-1.1625904915230385,-0.900365780171128,0.2563397925867292,-1.1625904915230385
1,941,-1.1625904915230385,-0.9272323690601286,0.19092285950186721,-1.1625904915230385
1,942,-1.1625904915230385,-0.8724165773624807,0.29743494785138685,-1.1625904915230385
1,943,-1.1625904915230385,-0.8569501242876575,0.3265130701172582,-1.1625904915230385
1,944,-1.1625904915230385,-0.9085072604938703,0.2288201505297188,-1.1625904915230385
1,945,-1.1625904915230385,-0.8825651754745732,0.28260359694847864,-1.1625904915230385
1,946,-1.1625904915230385,-0.8165248071614812,0.33273730661958445,-1.1625904915230385
1,947,-1.1625904915230385,-0.840712965852711,0.33727800681479264,-1.1625904915230385
1,948,-1.1625904915230385,-0.8634143649440617,0.3093100340171485,-1.1625904915230385
1,949,-1.1625904915230385,-0.8665026833286291,0.34261536912072965,-1.1625904915230385
1,950,-1.1625904915230385,-0.9106646872952033,0.2602779223241546,-1.1625904915230385
1,951,-1.1625904915230385,-0.859400053667942,0.27040551360781434,-1.1625904915230385
1,952,-1.1625904915230385,-0.7967592817449718,0.41069432440344467,-1.1625904915230385
1,953,-1.1625904915230385,-0.7742346462909164,0.3725611667823732,-1.1625904915230385
1,954,-1.1625904915230385,-0.8346600835303548,0.27994699882284707,-1.1625904915230385
1,955,-1.1625904915230385,-0.8606790790174166,0.28559171827487945,-1.1625904915230385
1,956,-1.1625904915230385,-0.8890585955387519,0.2652672416547615,-1.1625904915230385
1,957,-1.1625904915230385,-0.8957858144035841,0.2735392997712595,-1.1625904915230385
1,958,-1.1625904915230385,-0.8473127936224221,0.3521115336994653,-1.1625904915230385
1,959,-1.1625904915230385,-0.8620647233568339,0.3318164032825855,-1.1625904915230385
1,960,-1.1625904915230385,-0.9112704836451418,0.24577416961735077,-1.1625904915230385
1,961,-1.1625904915230385,-0.8715302230057169,0.30564391983563094,-1.1625904915230385
1,962,-1.1634799044539883,-0.942229946236519,0.2044775651202833,-1.1634799044539883
1,963,-1.1634799044539883,-0.8953774835820809,0.24558474815870834,-1.1634799044539883
1,964,-1.1634799044539883,-0.8221173063892373,0.35417709715955326,-1.1634799044539883
1,965,-1.1634799044539883,-0.7915390704291674,0.3772637806733412,-1.1634799044539883
1,966,-1.1634799044539883,-0.8575283790790045,0.31407448992248066,-1.1634799044539883
1,967,-1.1634799044539883,-0.8294472830643581,0.3358715090095758,-1.1634799044539883
1,968,-1.1634799044539883,-0.7864251655837718,0.3938699951983884,-1.1634799044539883
1,969,-1.1634799044539883,-0.8748457873817406,0.27796408854013693,-1.1634799044539883
1,970,-1.1634799044539883,-0.8531418175432024,0.31802630562936796,-1.1634799044539883
1,971,-1.1634799044539883,-0.889657337619734,0.2612433090684571,-1.1634799044539883
1,972,-1.1664023110252848,-0.9233418208538058,0.24143893123264953,-1.1664023110252848
1,973,-1.1664023110252848,-0.9466792644466129,0.21192412544718656,-1.1664023110252848
1,974,-1.1664023110252848,-0.8952926446375522,0.33555906146428566,-1.1664023110252848
1,975,-1.1664023110252848,-0.9008394260762242,0.31351352116952297,-1.1664023110252848
1,976,-1.1664023110252848,-0.8901791038080538,0.2873513138000278,-1.1664023110252848
1,977,-1.1664023110252848,-0.8511493200306354,0.3109708895774355,-1.1664023110252848
1,978,-1.1664023110252848,-0.8495525321695643,0.27950196464351934,-1.1664023110252848
1,979,-1.1664023110252848,-0.8909220758619962,0.2554818175527169,-1.1664023110252848
1,980,-1.1664023110252848,-0.9056689878182512,0.2526979498130034,-1.1664023110252848
1,981,-1.1664023110252848,-0.9321523789339693,0.2234102474117055,-1.1664023110252848
1,982,-1.1664023110252848,-0.9415521948368255,0.21553750805241703,-1.1664023110252848
1,983,-1.1664023110252848,-0.9578205275337373,0.21294045049126836,-1.1664023110252848
1,984,-1.1664023110252848,-0.9646994003779616,0.25837136654066334,-1.1664023110252848
1,985,-1.1664023110252848,-0.9981087600263905,0.14165190909121544,-1.1664023110252848
1,986,-1.1664023110252848,-0.9696288976044207,0.16184792957209493,-1.1664023110252848
1,987,-1.1664023110252848,-0.9182083404396948,0.2734029177250716,-1.1664023110252848
1,988,-1.1664023110252848,-0.9646020529151009,0.20608079316124242,-1.1664023110252848
1,989,-1.1664023110252848,-0.9399645398644415,0.21029598419849563,-1.1664023110252848
1,990,-1.1664023110252848,-0.921330469864422,0.25360261498016423,-1.1664023110252848
1,991,-1.1664023110252848,-0.9020388156772706,0.25595362187550413,-1.1664023110252848
1,992,-1.1664023110252848,-0.8110241070101522,0.38084041032121557,-1.1664023110252848
1,993,-1.1664023110252848,-0.8084290686938922,0.3308754771953267,-1.1664023110252848
1,994,-1.1664023110252848,-0.8792591045101539,0.29602758674027346,-1.1664023110252848
1,995,-1.1664023110252848,-0.8378150441496526,0.40481096233843616,-1.1664023110252848
1,996,-1.1664023110252848,-0.8346019090771011,0.4049793840701987,-1.1664023110252848
1,997,-1.1664023110252848,-0.8723679948017654,0.42118904252471007,-1.1664023110252848
1,998,-1.1664023110252848,-0.9809774891146386,0.18421661476101686,-1.1664023110252848
1,999,-1.1664023110252848,-0.9381943578381884,0.24326394899045317,-1.1664023110252848
1,1000,-1.1664023110252848,-1.0030157757654492,0.1496485308440665,-1.1664023110252848
1,1001,-1.1664023110252848,-0.988281760204,0.22263340845351354,-1.1664023110252848
1,1002,-1.1664023110252848,-0.9840176951952854,0.18977595658473867,-1.1664023110252848
1,1003,-1.1664023110252848,-0.9831021968635825,0.21750667735199755,-1.1664023110252848
1,1004,-1.1664023110252848,-1.0252047955668804,0.15986781413225076,-1.1664023110252848
1,1005,-1.1664023110252848,-0.9696914186393495,0.2687145599252369,-1.1664023110252848
1,1006,-1.1664023110252848,-1.0134204245106726,0.21273809445688915,-1.1664023110252848
1,1007,-1.1664023110252848,-1.0257135705758622,0.14003482262054606,-1.1664023110252848
1,1008,-1.1664023110252848,-0.99400205304646,0.21896071070376907,-1.1664023110252848
1,1009,-1.1664023110252848,-1.0139029098943446,0.16501683615046395,-1.1664023110252848
1,1010,-1.1664023110252848,-1.0116536197571226,0.16496501788655799,-1.1664023110252848
1,1011,-1.1664023110252848,-1.0097311631606176,0.16055073276098747,-1.1664023110252848
1,1012,-1.1664023110252848,-1.0102600864985734,0.16534634730506675,-1.1664023110252848
1,1013,-1.1664023110252848,-0.9760332557223671,0.2134614386919269,-1.1664023110252848
1,1014,-1.1664023110252848,-0.9842680214277458,0.21889976104593203,-1.1664023110252848
1,1015,-1.1664023110252848,-0.992178841475286,0.17341292792911298,-1.1664023110252848
1,1016,-1.1664023110252848,-1.0027623714736416,0.1616900599058558,-1.1664023110252848
1,1017,-1.1664023110252848,-0.9491556708999326,0.2067129363426985,-1.1664023110252848
1,1018,-1.1664023110252848,-0.9550503808243095,0.23207606072048478,-1.1664023110252848
1,1019,-1.1664023110252848,-0.9636318289096306,0.21913288993413899,-1.1664023110252848
1,1020,-1.1664023110252848,-0.9976194331816118,0.1610104749375181,-1.1664023110252848
1,1021,-1.1664023110252848,-1.0007339179083716,0.23973106799407734,-1.1664023110252848
1,1022,-1.1664023110252848,-0.9796107634985141,0.22817998103617534,-1.1664023110252848
1,1023,-1.1664023110252848,-0.9302189028249788,0.28961981155253913,-1.1664023110252848
1,1024,-1.1664023110252848,-0.9199150741822518,0.2772915479839316,-1.1664023110252848
1,1025,-1.1664023110252848,-0.9264778183043142,0.2446511535386081,-1.1664023110252848
1,1026,-1.1664023110252848,-0.9298622404529884,0.2434468343390229,-1.1664023110252848
1,1027,-1.1664023110252848,-0.9330898323688767,0.19611051139587957,-1.1664023110252848
1,1028,-1.1664023110252848,-0.8764266092216335,0.3053783534525316,-1.1664023110252848
1,1029,-1.1664023110252848,-0.9491113430774036,0.1903776442557682,-1.1664023110252848
1,1030,-1.1664023110252848,-0.9285067469840522,0.2632023721701057,-1.1664023110252848
1,1031,-1.1664023110252848,-0.9024666283364966,0.23943102216957016,-1.1664023110252848
1,1032,-1.1664023110252848,-0.8801332891512715,0.2689757672189227,-1.1664023110252848
1,1033,-1.1664023110252848,-0.9257163162453047,0.20130340537672053,-1.1664023110252848
1,1034,-1.1664023110252848,-0.9054942340550184,0.24708717886695283,-1.1664023110252848
1,1035,-1.1664023110252848,-0.932868275165972,0.23243595375491058,-1.1664023110252848
1,1036,-1.1664023110252848,-0.9284924304302276,0.2145774036940215,-1.1664023110252848
1,1037,-1.1664023110252848,-0.9614915357965149,0.17043982901586535,-1.1664023110252848
1,1038,-1.1664023110252848,-0.8964312473156356,0.3012159612804561,-1.1664023110252848
1,1039,-1.1664023110252848,-0.9594157033871771,0.20908902150451872,-1.1664023110252848
1,1040,-1.1664023110252848,-0.9213647251826484,0.2385235448896226,-1.1664023110252848
1,1041,-1.1664023110252848,-0.9285659192114347,0.1904557836555278,-1.1664023110252848
1,1042,-1.1664023110252848,-0.9582458180696933,0.14041435925268042,-1.1664023110252848
1,1043,-1.1664023110252848,-0.891888095659894,0.2783199258918618,-1.1664023110252848
1,1044,-1.1664023110252848,-0.8752940068042311,0.35679914030870435,-1.1664023110252848
1,1045,-1.1664023110252848,-0.8994502484832528,0.24352839881415247,-1.1664023110252848
1,1046,-1.1664023110252848,-0.9424133334467425,0.18411777521745584,-1.1664023110252848
1,1047,-1.1664023110252848,-0.9538183847507885,0.19432755148875094,-1.1664023110252848
1,1048,-1.1664023110252848,-0.9325353832613227,0.23163633940029144,-1.1664023110252848
1,1049,-1.1664023110252848,-0.9731040986553184,0.1821157488063259,-1.1664023110252848
1,1050,-1.1664023110252848,-0.9328405978090369,0.2082092901181497,-1.1664023110252848
1,1051,-1.1664023110252848,-0.9225923194232227,0.23589254575260238,-1.1664023110252848
1,1052,-1.1664023110252848,-0.9123263596995135,0.20899017975560133,-1.1664023110252848
1,1053,-1.1664023110252848,-0.9555446843378168,0.1874847263798316,-1.1664023110252848
1,1054,-1.1664023110252848,-0.9226857366356934,0.24537119997829923,-1.1664023110252848
1,1055,-1.1753509266526607,-0.9263522369501429,0.25942494006875993,-1.1753509266526607
1,1056,-1.1753509266526607,-0.8628878450181058,0.3443376237810896,-1.1753509266526607
1,1057,-1.1753509266526607,-0.8671835749151195,0.3456615164136513,-1.1753509266526607
1,1058,-1.1753509266526607,-0.9197331125197664,0.24881732706161513,-1.1753509266526607
1,1059,-1.1753509266526607,-0.8929512583282707,0.2777484660406675,-1.1753509266526607
1,1060,-1.1753509266526607,-0.8603109315982925,0.2889114349480453,-1.1753509266526607
1,1061,-1.1753509266526607,-0.8790141143990536,0.28621778507618273,-1.1753509266526607
1,1062,-1.1753509266526607,-0.8936182475740605,0.2739613905391552,-1.1753509266526607
1,1063,-1.1753509266526607,-0.894563255209236,0.23611952167361241,-1.1753509266526607
1,1064,-1.1753509266526607,-0.8309859278524854,0.36744175196943724,-1.1753509266526607
1,1065,-1.1753509266526607,-0.8331600871009411,0.25052991471297537,-1.1753509266526607
1,1066,-1.1753509266526607,-0.8772639130189942,0.23685132418319602,-1.1753509266526607
1,1067,-1.1753509266526607,-0.9143186127726514,0.21376497317653034,-1.1753509266526607
1,1068,-1.1753509266526607,-0.9194204860143569,0.2074612865998356,-1.1753509266526607
1,1069,-1.1753509266526607,-0.8719370746103944,0.2572261191886601,-1.1753509266526607
1,1070,-1.1753509266526607,-0.8487117625866921,0.2603803882381621,-1.1753509266526607
1,1071,-1.1753509266526607,-0.8137630121513549,0.34338614473229573,-1.1753509266526607
1,1072,-1.1753509266526607,-0.8689115842450222,0.27848973348904477,-1.1753509266526607
1,1073,-1.1753509266526607,-0.8850795651581511,0.2930101037633236,-1.1753509266526607
1,1074,-1.1753509266526607,-0.8843344159256045,0.25245702155729316,-1.1753509266526607
1,1075,-1.1753509266526607,-0.922413500413619,0.21359209159674078,-1.1753509266526607
1,1076,-1.1753509266526607,-0.8899654077616774,0.29993618995792865,-1.1753509266526607
1,1077,-1.1753509266526607,-0.8282199839840225,0.3516615104826599,-1.1753509266526607
1,1078,-1.1753509266526607,-0.8698832305625334,0.3425055165002172,-1.1753509266526607
1,1079,-1.1753509266526607,-0.9258722803074962,0.24108238429985537,-1.1753509266526607
1,1080,-1.1753509266526607,-0.9238253367617326,0.258573298188296,-1.1753509266526607
1,1081,-1.1753509266526607,-0.8488182928965975,0.32506036202740013,-1.1753509266526607
1,1082,-1.1753509266526607,-0.8750601966477212,0.32057689737300754,-1.1753509266526607
1,1083,-1.1753509266526607,-0.9124660452762058,0.2422688080047159,-1.1753509266526607
1,1084,-1.1753509266526607,-0.9176484840334103,0.24159562912286608,-1.1753509266526607
1,1085,-1.1753509266526607,-0.9700164317713804,0.1727507226754515,-1.1753509266526607
1,1086,-1.1753509266526607,-0.9414564085022565,0.20682979136318075,-1.1753509266526607
1,1087,-1.1753509266526607,-0.9705630235703148,0.1777235254866356,-1.1753509266526607
1,1088,-1.1753509266526607,-0.9276250748771026,0.2547724704155482,-1.1753509266526607
1,1089,-1.1753509266526607,-0.9169703848950104,0.24797178380225643,-1.1753509266526607
1,1090,-1.1753509266526607,-0.9260087589524095,0.20945693106165625,-1.1753509266526607
1,1091,-1.1753509266526607,-0.9379483204481787,0.2133667133779078,-1.1753509266526607
1,1092,-1.1753509266526607,-0.9020728313907919,0.25448979184339926,-1.1753509266526607
1,1093,-1.1753509266526607,-0.8845040502943183,0.2473008871238203,-1.1753509266526607
1,1094,-1.1753509266526607,-0.9063071914463379,0.2630871526308019,-1.1753509266526607
1,1095,-1.1753509266526607,-0.931260899953119,0.19636645686425344,-1.1753509266526607
1,1096,-1.1753509266526607,-0.9199848249107682,0.20262275417184877,-1.1753509266526607
1,1097,-1.1753509266526607,-0.9099385461646711,0.21142049835556703,-1.1753509266526607
1,1098,-1.1753509266526607,-0.8822312815806729,0.23634775629660756,-1.1753509266526607
1,1099,-1.1753509266526607,-0.8921910679026601,0.22341501193663726,-1.1753509266526607
1,1100,-1.1753509266526607,-0.8866442960704004,0.23565154970597657,-1.1753509266526607
1,1101,-1.1753509266526607,-0.8883521874487773,0.2536590195467473,-1.1753509266526607
1,1102,-1.1753509266526607,-0.9185446396874782,0.23265393086329353,-1.1753509266526607
1,1103,-1.1753509266526607,-0.8651493872557865,0.30512741290694667,-1.1753509266526607
1,1104,-1.1753509266526607,-0.892372044433996,0.2583670698754416,-1.1753509266526607
1,1105,-1.1753509266526607,-0.9287741018838461,0.24059863611803403,-1.1753509266526607
1,1106,-1.1753509266526607,-0.9777273276330908,0.1775683711880452,-1.1753509266526607
1,1107,-1.1753509266526607,-0.9727568347334717,0.1870705124998576,-1.1753509266526607
1,1108,-1.1753509266526607,-0.9788825372113236,0.18176212954286433,-1.1753509266526607
1,1109,-1.1753509266526607,-0.9781882358199795,0.17920912947428283,-1.1753509266526607
1,1110,-1.1753509266526607,-0.9759570044546179,0.1965425454233234,-1.1753509266526607
1,1111,-1.1753509266526607,-0.9608868797356336,0.2074135658919006,-1.1753509266526607
1,1112,-1.1753509266526607,-0.9205837648515712,0.2333022237703881,-1.1753509266526607
1,1113,-1.1753509266526607,-0.9104449653918256,0.22172044981547687,-1.1753509266526607
1,1114,-1.1753509266526607,-0.9523308120217617,0.18154376528454022,-1.1753509266526607
1,1115,-1.1753509266526607,-0.9596874321635205,0.19698637565165664,-1.1753509266526607
1,1116,-1.1753509266526607,-0.9819579613177798,0.17587869807432727,-1.1753509266526607
1,1117,-1.1766207818180483,-0.9898948493623099,0.1816867700917043,-1.1766207818180483
1,1118,-1.1766207818180483,-0.9255110572538153,0.2535166957052089,-1.1766207818180483
1,1119,-1.1766207818180483,-0.9565713091058206,0.24736558372191642,-1.1766207818180483
1,1120,-1.1766207818180483,-0.9429108245964815,0.2543634194268164,-1.1766207818180483
1,1121,-1.1766207818180483,-0.941678609095631,0.2419287740842352,-1.1766207818180483
1,1122,-1.1766207818180483,-0.952211255224057,0.24529081855264612,-1.1766207818180483
1,1123,-1.1766207818180483,-0.920679962127106,0.32756374935361265,-1.1766207818180483
1,1124,-1.1766207818180483,-0.9335371066271418,0.24715642004231034,-1.1766207818180483
1,1125,-1.1766207818180483,-0.9651228989933921,0.1995710211224285,-1.1766207818180483
1,1126,-1.1766207818180483,-0.9408885785742143,0.21116244787245972,-1.1766207818180483
1,1127,-1.1766207818180483,-0.9413023906302798,0.24275048993780288,-1.1766207818180483
1,1128,-1.1766207818180483,-0.9322875747389904,0.24209573109299884,-1.1766207818180483
1,1129,-1.1766207818180483,-0.9721450259251996,0.20874726270651883,-1.1766207818180483
1,1130,-1.1766207818180483,-0.9706095540442248,0.17478459644489622,-1.1766207818180483
1,1131,-1.1766207818180483,-0.9951583424766646,0.13909989209425094,-1.1766207818180483
1,1132,-1.1766207818180483,-0.8999251380564623,0.3501354758264043,-1.1766207818180483
1,1133,-1.1766207818180483,-0.9402807975146613,0.21672777865126727,-1.1766207818180483
1,1134,-1.1766207818180483,-0.9463259434137072,0.25774939861417767,-1.1766207818180483
1,1135,-1.1766207818180483,-0.9383940957335496,0.2037150046981057,-1.1766207818180483
1,1136,-1.1766207818180483,-0.9404849063545491,0.21465127785247892,-1.1766207818180483
1,1137,-1.1766207818180483,-0.8957661717171665,0.25529335291556654,-1.1766207818180483
1,1138,-1.1766207818180483,-0.9422754899038015,0.21801854309857643,-1.1766207818180483
1,1139,-1.1766207818180483,-0.9173689255474355,0.25601849499448065,-1.1766207818180483
1,1140,-1.1766207818180483,-0.8150511048842886,0.42007098377130914,-1.1766207818180483
1,1141,-1.1766207818180483,-0.8541519317632363,0.3060165951658575,-1.1766207818180483
1,1142,-1.1766207818180483,-0.8764806716371348,0.34458799089780556,-1.1766207818180483
1,1143,-1.1766207818180483,-0.916040317987852,0.30115260148858647,-1.1766207818180483
1,1144,-1.1766207818180483,-0.9105999066104428,0.3186704807395944,-1.1766207818180483
1,1145,-1.1766207818180483,-0.9088946291784687,0.32850980225057497,-1.1766207818180483
1,1146,-1.1766207818180483,-0.8916748341606482,0.37177676593817965,-1.1766207818180483
1,1147,-1.1766207818180483,-0.9515254781669676,0.2685598697424932,-1.1766207818180483
1,1148,-1.1766207818180483,-0.9747208281588194,0.1629904861898531,-1.1766207818180483
1,1149,-1.1766207818180483,-0.9929782200394772,0.12654029129910457,-1.1766207818180483
1,1150,-1.1766207818180483,-0.9490319826339548,0.22646188731755795,-1.1766207818180483
1,1151,-1.1766207818180483,-0.9777651698433446,0.1456955174470151,-1.1766207818180483
1,1152,-1.1766207818180483,-0.9647997771507407,0.14700898166371537,-1.1766207818180483
1,1153,-1.1766207818180483,-0.9069626795826734,0.2755533095956372,-1.1766207818180483
1,1154,-1.1766207818180483,-0.844907265682649,0.33863931482967363,-1.1766207818180483
1,1155,-1.1766207818180483,-0.9045266258889311,0.24304628199208336,-1.1766207818180483
1,1156,-1.1766207818180483,-0.918886640777926,0.22385292843144655,-1.1766207818180483
1,1157,-1.1766207818180483,-0.8986529568426234,0.24689047048183552,-1.1766207818180483
1,1158,-1.1766207818180483,-0.9087577563074938,0.21548214241377292,-1.1766207818180483
1,1159,-1.1766207818180483,-0.9375369135257923,0.16915295028977725,-1.1766207818180483
1,1160,-1.1766207818180483,-0.9459150802969408,0.16992360139817617,-1.1766207818180483
1,1161,-1.1766207818180483,-0.9258572611980386,0.26937998152145765,-1.1766207818180483
1,1162,-1.1766207818180483,-0.9339012368825209,0.243597053809938,-1.1766207818180483
1,1163,-1.1766207818180483,-0.8867573757969771,0.3261004379025293,-1.1766207818180483
1,1164,-1.1766207818180483,-0.8989326311248912,0.30106451945890583,-1.1766207818180483
1,1165,-1.1766207818180483,-0.9446685330932441,0.18212381448438678,-1.1766207818180483
1,1166,-1.1766207818180483,-0.9414118811904095,0.20638257725105982,-1.1766207818180483
1,1167,-1.1766207818180483,-0.9203626393954962,0.20444821778069847,-1.1766207818180483
1,1168,-1.1766207818180483,-0.9054618571726766,0.30656922451782254,-1.1766207818180483
1,1169,-1.1766207818180483,-0.9065719198597052,0.3140053241266368,-1.1766207818180483
1,1170,-1.1766207818180483,-0.9522378404545082,0.17280027240829512,-1.1766207818180483
1,1171,-1.1766207818180483,-0.9209577257380854,0.20668391660763422,-1.1766207818180483
1,1172,-1.1766207818180483,-0.8689748609872203,0.27696497223258315,-1.1766207818180483
1,1173,-1.1766207818180483,-0.9071395877663174,0.21037398994227433,-1.1766207818180483
1,1174,-1.1766207818180483,-0.903223990203035,0.21604568758965637,-1.1766207818180483
1,1175,-1.1766207818180483,-0.9113636593649115,0.22716816784426141,-1.1766207818180483
1,1176,-1.1766207818180483,-0.8869151172040214,0.2645778644118148,-1.1766207818180483
1,1177,-1.1766207818180483,-0.9032267032539334,0.2431632360140871,-1.1766207818180483
1,1178,-1.1766207818180483,-0.9657351117617442,0.18623527099143225,-1.1766207818180483
1,1179,-1.1766207818180483,-0.8833162382181087,0.34252847833666566,-1.1766207818180483
1,1180,-1.1766207818180483,-0.9686263421523752,0.19288286354115708,-1.1766207818180483
1,1181,-1.1766207818180483,-1.0309984764334228,0.12373264060178636,-1.1766207818180483
1,1182,-1.1766207818180483,-0.9433734830942928,0.3441448377842383,-1.1766207818180483
1,1183,-1.1766207818180483,-0.8686819917860847,0.4014346730118961,-1.1766207818180483
1,1184,-1.1766207818180483,-0.9023507743476523,0.2847038781374998,-1.1766207818180483
1,1185,-1.1766207818180483,-0.8972373752973581,0.27321781705985343,-1.1766207818180483
1,1186,-1.1766207818180483,-0.910211110783928,0.21820857058816115,-1.1766207818180483
1,1187,-1.1766207818180483,-0.8546186508396209,0.28842303908997213,-1.1766207818180483
1,1188,-1.1766207818180483,-0.900348363909446,0.22222250697523624,-1.1766207818180483
1,1189,-1.1766207818180483,-0.944449963360047,0.20230164813250825,-1.1766207818180483
1,1190,-1.1766207818180483,-0.8978863938101606,0.25725145951660755,-1.1766207818180483
1,1191,-1.1766207818180483,-0.9069196657464307,0.23464034623068383,-1.1766207818180483
1,1192,-1.1766207818180483,-0.9146407143245358,0.2616482606955719,-1.1766207818180483
1,1193,-1.1766207818180483,-0.8891468233023707,0.2830135179744204,-1.1766207818180483
1,1194,-1.1766207818180483,-0.9448303152751113,0.18277926237507428,-1.1766207818180483
1,1195,-1.1766207818180483,-0.9432325438955789,0.2380951656528462,-1.1766207818180483
1,1196,-1.1766207818180483,-0.9519941376344337,0.18140464047288662,-1.1766207818180483
1,1197,-1.1766207818180483,-0.9575879549931459,0.1790382549988958,-1.1766207818180483
1,1198,-1.1766207818180483,-0.9110337592494162,0.29006105822079314,-1.1766207818180483
1,1199,-1.1766207818180483,-0.9105073605994634,0.2910081555534427,-1.1766207818180483
1,1200,-1.1766207818180483,-0.9285696684880305,0.2264264932715233,-1.1766207818180483
1,1201,-1.1766207818180483,-0.9326294087305372,0.23381990312583587,-1.1766207818180483
1,1202,-1.1766207818180483,-0.8945940275867863,0.2561967820532922,-1.1766207818180483
1,1203,-1.1766207818180483,-0.971280984001222,0.1971476208207959,-1.1766207818180483
1,1204,-1.1766207818180483,-0.9640460121640655,0.19810589006864357,-1.1766207818180483
1,1205,-1.1766207818180483,-0.9957261416760502,0.17139123935921585,-1.1766207818180483
1,1206,-1.1766207818180483,-0.9329458366072295,0.27662978997865556,-1.1766207818180483
1,1207,-1.1766207818180483,-0.937240177756952,0.26936986265111734,-1.1766207818180483
1,1208,-1.1766207818180483,-0.9543509588360608,0.25037120651942235,-1.1766207818180483
1,1209,-1.1766207818180483,-0.989191428217505,0.18286049599388665,-1.1766207818180483
1,1210,-1.1766207818180483,-0.9414240061593367,0.22990649321968396,-1.1766207818180483
1,1211,-1.1766207818180483,-0.8865042252152088,0.26283334798850355,-1.1766207818180483
1,1212,-1.1766207818180483,-0.9291438622082276,0.19642445285707083,-1.1766207818180483
1,1213,-1.1766207818180483,-0.9210043263565447,0.2074833235252866,-1.1766207818180483
1,1214,-1.1766207818180483,-0.8845746890731951,0.27895232665358194,-1.1766207818180483
1,1215,-1.1766207818180483,-0.9309281301772214,0.21918418654119434,-1.1766207818180483
1,1216,-1.1766207818180483,-0.8349316291030549,0.3867158580583502,-1.1766207818180483
1,1217,-1.1766207818180483,-0.8544712581495582,0.30951694545055686,-1.1766207818180483
1,1218,-1.1766207818180483,-0.8899768281849894,0.2567485543121082,-1.1766207818180483
1,1219,-1.1766207818180483,-0.8762662249831857,0.284679732635164,-1.1766207818180483
1,1220,-1.1766207818180483,-0.8863238894402957,0.26810830889188486,-1.1766207818180483
1,1221,-1.1766207818180483,-0.9074562917484063,0.2154922390378663,-1.1766207818180483
1,1222,-1.1766207818180483,-0.8890303799268696,0.2920236727784709,-1.1766207818180483
1,1223,-1.1766207818180483,-0.9594089002903895,0.18269843464237068,-1.1766207818180483
1,1224,-1.1766207818180483,-0.9073655177067821,0.2318002790305122,-1.1766207818180483
1,1225,-1.1766207818180483,-0.8520983765623212,0.33130913417381025,-1.1766207818180483
1,1226,-1.1766207818180483,-0.8878315321397918,0.22707271279266794,-1.1766207818180483
1,1227,-1.1766207818180483,-0.8963657194711938,0.26830949505572377,-1.1766207818180483
1,1228,-1.1766207818180483,-0.9248941261336676,0.18632920553030138,-1.1766207818180483
1,1229,-1.1766207818180483,-0.845877812908891,0.2950149664451775,-1.1766207818180483
1,1230,-1.1777335366968642,-0.8829299357361934,0.2692894491394649,-1.1777335366968642
1,1231,-1.1777335366968642,-0.8677672088640235,0.29103976272605286,-1.1777335366968642
1,1232,-1.1777335366968642,-0.8724623026403522,0.2851972052508277,-1.1777335366968642
1,1233,-1.1777335366968642,-0.9260311828176833,0.1984614834310303,-1.1777335366968642
1,1234,-1.1777335366968642,-0.9300693443278558,0.20317632806798472,-1.1777335366968642
1,1235,-1.1777335366968642,-0.9431192509896341,0.2025775873103589,-1.1777335366968642
1,1236,-1.1777335366968642,-0.8691898424739235,0.3502137405736931,-1.1777335366968642
1,1237,-1.1777335366968642,-0.9762233675511612,0.15242342572540313,-1.1777335366968642
1,1238,-1.1777335366968642,-0.9942379782672114,0.14958297610240073,-1.1777335366968642
1,1239,-1.1777335366968642,-1.0050523778519822,0.1418437397851893,-1.1777335366968642
1,1240,-1.1777335366968642,-1.0040634055897988,0.16655976191318747,-1.1777335366968642
1,1241,-1.1777335366968642,-0.9665476904492343,0.2835937069765751,-1.1777335366968642
1,1242,-1.1777335366968642,-1.0052930292352555,0.20435342697463996,-1.1777335366968642
1,1243,-1.1777335366968642,-1.0390591516722163,0.18621603184964852,-1.1777335366968642
1,1244,-1.1777335366968642,-1.0228577267818313,0.1921746574489126,-1.1777335366968642
1,1245,-1.1777335366968642,-1.010274742402653,0.17675306069000346,-1.1777335366968642
1,1246,-1.1777335366968642,-0.9660154674496529,0.27842938959792557,-1.1777335366968642
1,1247,-1.1777335366968642,-0.9835308216200171,0.23402362655007736,-1.1777335366968642
1,1248,-1.1777335366968642,-0.9586510698520331,0.2982123634928796,-1.1777335366968642
1,1249,-1.1777335366968642,-0.9624247897665532,0.23479219723472844,-1.1777335366968642
1,1250,-1.1777335366968642,-0.9045547378057986,0.39578867276508545,-1.1777335366968642
1,1251,-1.1777335366968642,-0.941253523778604,0.25397605697630166,-1.1777335366968642
1,1252,-1.1777335366968642,-0.9592214067385608,0.2310316830367587,-1.1777335366968642
1,1253,-1.1777335366968642,-0.9758863943405746,0.22646863065051573,-1.1777335366968642
1,1254,-1.1777335366968642,-0.9454662005439511,0.3034530579572246,-1.1777335366968642
1,1255,-1.1777335366968642,-0.9612269869701292,0.24789467579633667,-1.1777335366968642
