run,generation,best_fitness,mean_fitness,std_fitness,best_so_far
5,0,0.7255927677179566,1.0154217793588296,0.1276451591038114,0.7255927677179566
5,1,0.7255927677179566,0.9649656273027847,0.11045762728145259,0.7255927677179566
5,2,0.7255927677179566,0.9399557311854587,0.10711805761521793,0.7255927677179566
5,3,0.7255927677179566,0.9073070470289024,0.09383566979700182,0.7255927677179566
5,4,0.5700603808133515,0.8685966079457031,0.10816570440846132,0.5700603808133515
5,5,0.5700603808133515,0.8422623288632445,0.1120714077492886,0.5700603808133515
5,6,0.5663947158326033,0.8205828530411463,0.12133205543565927,0.5663947158326033
5,7,0.5663947158326033,0.7887205874016803,0.1319307131577099,0.5663947158326033
5,8,0.5663947158326033,0.7465474669867213,0.10245934021771697,0.5663947158326033
5,9,0.5663947158326033,0.7160981181235928,0.09254725573494707,0.5663947158326033
5,10,0.47731023324714195,0.6925685595218672,0.1000181851617391,0.47731023324714195
5,11,0.47731023324714195,0.647503171899468,0.09196746012622857,0.47731023324714195
5,12,0.4529737149672617,0.6354099351460427,0.10730070476168771,0.4529737149672617
5,13,0.4529737149672617,0.60346553139738,0.09356294907606419,0.4529737149672617
5,14,0.43390642685589476,0.5920047293925291,0.10380495703725037,0.43390642685589476
5,15,0.43390642685589476,0.5698799239678786,0.07595090494626838,0.43390642685589476
5,16,0.43390642685589476,0.5679943308295063,0.0957359157986172,0.43390642685589476
5,17,0.43390642685589476,0.5744704297332112,0.10008558014854474,0.43390642685589476
5,18,0.43390642685589476,0.5858507506946972,0.11653382013195178,0.43390642685589476
5,19,0.43390642685589476,0.5757468584897149,0.1059142739485001,0.43390642685589476
5,20,0.4204536887582839,0.5593352602177973,0.09437326525169222,0.4204536887582839
5,21,0.4204536887582839,0.5376572157495944,0.08318515097371681,0.4204536887582839
5,22,0.4204536887582839,0.5340835890598253,0.07654278014989446,0.4204536887582839
5,23,0.34869869722133795,0.5251894887266333,0.09008870302030687,0.34869869722133795
5,24,0.34790244385440694,0.505069261977702,0.07385148553213985,0.34790244385440694
5,25,0.3215661900045397,0.4797331880730599,0.08315619274214574,0.3215661900045397
5,26,0.24637416579017235,0.46286802697075774,0.09772892585444401,0.24637416579017235
5,27,0.08846004449245104,0.45643217643319106,0.1581102239666016,0.08846004449245104
5,28,0.08846004449245104,0.4478115814196943,0.14437849391737717,0.08846004449245104
5,29,0.08846004449245104,0.457557281816788,0.1533952789908639,0.08846004449245104
5,30,0.08846004449245104,0.45565108908078794,0.1653403039689667,0.08846004449245104
5,31,0.08846004449245104,0.4532228664147623,0.17706788128188752,0.08846004449245104
5,32,0.08846004449245104,0.4244989474372522,0.16028121130463507,0.08846004449245104
5,33,0.08846004449245104,0.3974375687074947,0.1503216948112582,0.08846004449245104
5,34,0.08846004449245104,0.3951666880606124,0.1719985859484169,0.08846004449245104
5,35,0.08846004449245104,0.3958202006510734,0.18275967755547343,0.08846004449245104
5,36,0.08846004449245104,0.3979367095753889,0.19657773392926,0.08846004449245104
5,37,0.08846004449245104,0.34004569457413736,0.14641635349461454,0.08846004449245104
5,38,0.08846004449245104,0.31034101724101043,0.13170051219838663,0.08846004449245104
5,39,0.08846004449245104,0.2856711104634132,0.11780618875205796,0.08846004449245104
5,40,0.08846004449245104,0.3119490507574841,0.16711056978615485,0.08846004449245104
5,41,0.08846004449245104,0.29168450362249687,0.13520627245609493,0.08846004449245104
5,42,0.08846004449245104,0.31478257564444656,0.1629497703929331,0.08846004449245104
5,43,0.08846004449245104,0.28744073468454995,0.1512712698820388,0.08846004449245104
5,44,0.08846004449245104,0.2788362936226453,0.13047670765425384,0.08846004449245104
5,45,0.0817083048049636,0.2846598102755612,0.15283779371970505,0.0817083048049636
5,46,0.0817083048049636,0.2693037215293667,0.13679739077730624,0.0817083048049636
5,47,0.0817083048049636,0.2820662131762409,0.18580228596916532,0.0817083048049636
5,48,0.0817083048049636,0.30392393476501905,0.24452153119210385,0.0817083048049636
5,49,0.0817083048049636,0.25797008268369714,0.15849435785221966,0.0817083048049636
5,50,0.05428870377242068,0.25083996792505153,0.15253878139282082,0.05428870377242068
5,51,0.01986990546526468,0.24399913881828492,0.14166302268732597,0.01986990546526468
5,52,0.01986990546526468,0.28022330932312384,0.18654416807296537,0.01986990546526468
5,53,0.012705889213950439,0.2966569872365028,0.21209021059757044,0.012705889213950439
5,54,0.012705889213950439,0.2746372618600222,0.1789973701855551,0.012705889213950439
5,55,0.012705889213950439,0.22651087667584172,0.141091529671258,0.012705889213950439
5,56,0.012705889213950439,0.18765971569710946,0.09478010066478389,0.012705889213950439
5,57,0.012705889213950439,0.19179425898981564,0.10490392995710934,0.012705889213950439
5,58,0.0050893384507788575,0.19226674942979396,0.1341607834821422,0.0050893384507788575
5,59,-0.009812431546176281,0.21147018402262577,0.1745209586554035,-0.009812431546176281
5,60,-0.009812431546176281,0.21884612310643212,0.18535706840645144,-0.009812431546176281
5,61,-0.009812431546176281,0.2539466066676152,0.201907757838326,-0.009812431546176281
5,62,-0.009812431546176281,0.22962254933497495,0.22009422854556593,-0.009812431546176281
5,63,-0.009812431546176281,0.17869001992201256,0.15509442366383863,-0.009812431546176281
5,64,-0.009812431546176281,0.18838134723490954,0.18126050995936877,-0.009812431546176281
5,65,-0.009812431546176281,0.23161216465868747,0.252092518055355,-0.009812431546176281
5,66,-0.02010622428981157,0.2146233985602302,0.20910454096474082,-0.02010622428981157
5,67,-0.02591499231455341,0.20210532246348817,0.21135825942604805,-0.02591499231455341
5,68,-0.09618458709945643,0.15202165784448754,0.18558390649146625,-0.09618458709945643
5,69,-0.09618458709945643,0.1493955713718644,0.1678405751267013,-0.09618458709945643
5,70,-0.09618458709945643,0.15303260488066323,0.16675442896714485,-0.09618458709945643
5,71,-0.09618458709945643,0.19736225322978534,0.24400288496365138,-0.09618458709945643
5,72,-0.09618458709945643,0.162780444134291,0.18092272220778038,-0.09618458709945643
5,73,-0.09618458709945643,0.16387506417190018,0.18357470801966927,-0.09618458709945643
5,74,-0.09618458709945643,0.11585515685403086,0.13434576925837616,-0.09618458709945643
5,75,-0.09618458709945643,0.13121724099051957,0.16391378174508325,-0.09618458709945643
5,76,-0.09618458709945643,0.11694530391875527,0.17112444830531184,-0.09618458709945643
5,77,-0.09618458709945643,0.0912713380640116,0.13148086674054132,-0.09618458709945643
5,78,-0.09618458709945643,0.10318992549434176,0.16143451296605216,-0.09618458709945643
5,79,-0.09618458709945643,0.10350344522719747,0.1970676043566146,-0.09618458709945643
5,80,-0.09618458709945643,0.1303609691227955,0.23167619482459692,-0.09618458709945643
5,81,-0.09618458709945643,0.12259288197856359,0.2245544092360567,-0.09618458709945643
5,82,-0.09618458709945643,0.12639637870705242,0.23601184200437966,-0.09618458709945643
5,83,-0.09618458709945643,0.172196900420284,0.24957923849692681,-0.09618458709945643
5,84,-0.09618458709945643,0.1437004337978173,0.2500900710092098,-0.09618458709945643
5,85,-0.09618458709945643,0.13976986995678808,0.2617484513030543,-0.09618458709945643
5,86,-0.09618458709945643,0.1301914683635185,0.21222130056330818,-0.09618458709945643
5,87,-0.10465438441321084,0.09074189031184585,0.16967057808859537,-0.10465438441321084
5,88,-0.10465438441321084,0.09698336137298216,0.19815733593535112,-0.10465438441321084
5,89,-0.10465438441321084,0.07439914920222926,0.20716941963815383,-0.10465438441321084
5,90,-0.10465438441321084,0.1715614070436494,0.3110564484134139,-0.10465438441321084
5,91,-0.10465438441321084,0.18355713065233972,0.3257886423562113,-0.10465438441321084
5,92,-0.10465438441321084,0.14291842379315187,0.2984926865785941,-0.10465438441321084
5,93,-0.1286210971269428,0.06875186586572714,0.21321172933730553,-0.1286210971269428
5,94,-0.21169263225254165,0.08807434415522604,0.19087858015352507,-0.21169263225254165
5,95,-0.21169263225254165,0.0951014945232204,0.20247906087735465,-0.21169263225254165
5,96,-0.21169263225254165,0.06080386027979375,0.1874636459311349,-0.21169263225254165
5,97,-0.21169263225254165,0.032877050582085204,0.15542645112587783,-0.21169263225254165
5,98,-0.21169263225254165,0.0676224630028417,0.20924970462135334,-0.21169263225254165
5,99,-0.21169263225254165,0.05957589975906442,0.20002250654736206,-0.21169263225254165
5,100,-0.21169263225254165,0.0419070178090464,0.1719931477963856,-0.21169263225254165
5,101,-0.21169263225254165,0.026071434489114628,0.17969149204160836,-0.21169263225254165
5,102,-0.21169263225254165,0.05713878222902848,0.25855092910743144,-0.21169263225254165
5,103,-0.21169263225254165,0.07066220439950142,0.2952995669820662,-0.21169263225254165
5,104,-0.21169263225254165,0.07122565159958265,0.29139136128531723,-0.21169263225254165
5,105,-0.21169263225254165,0.049425736725945066,0.2613211758319945,-0.21169263225254165
5,106,-0.21169263225254165,0.014954438392747127,0.20707537074899693,-0.21169263225254165
5,107,-0.21169263225254165,0.1001438652555078,0.2745676394451017,-0.21169263225254165
5,108,-0.21169263225254165,0.056515973693955605,0.27705990701512623,-0.21169263225254165
5,109,-0.21169263225254165,0.015305603159895176,0.23510768508005167,-0.21169263225254165
5,110,-0.21169263225254165,0.025427894245946485,0.21919029979219426,-0.21169263225254165
5,111,-0.21169263225254165,0.020070953582126117,0.2066728135845902,-0.21169263225254165
5,112,-0.21169263225254165,-0.013908943257160633,0.17483049205081147,-0.21169263225254165
5,113,-0.21169263225254165,-0.003486932987350877,0.2187856860627362,-0.21169263225254165
5,114,-0.21169263225254165,-0.024692923217526155,0.18178650053891215,-0.21169263225254165
5,115,-0.21169263225254165,-0.0012915015572671385,0.17667390999431679,-0.21169263225254165
5,116,-0.24311340869889575,0.008145635950905124,0.18714688544887226,-0.24311340869889575
5,117,-0.24311340869889575,-0.016902884787479137,0.16188509463090353,-0.24311340869889575
5,118,-0.24311340869889575,0.02317792063310516,0.277824625233002,-0.24311340869889575
5,119,-0.24311340869889575,0.007705065809650861,0.2541976959722719,-0.24311340869889575
5,120,-0.24311340869889575,0.03550630678095674,0.27918597223635183,-0.24311340869889575
5,121,-0.24311340869889575,0.016068261114134064,0.238195566135749,-0.24311340869889575
5,122,-0.24311340869889575,0.00101319275778425,0.2387055817530164,-0.24311340869889575
5,123,-0.2717374891726978,-0.005034931191162451,0.25481751956522586,-0.2717374891726978
5,124,-0.2717374891726978,0.008286678932704598,0.22997454738764533,-0.2717374891726978
5,125,-0.2717374891726978,0.03481384210930204,0.2588358659005537,-0.2717374891726978
5,126,-0.2717374891726978,-0.030564069309680777,0.23295792985107092,-0.2717374891726978
5,127,-0.2717374891726978,-0.04888893186707401,0.23827857250532206,-0.2717374891726978
5,128,-0.2717374891726978,-0.005959365832508009,0.31078975281006055,-0.2717374891726978
5,129,-0.2717374891726978,-0.0313352358312889,0.255387907156049,-0.2717374891726978
5,130,-0.2717374891726978,-0.007730665743936704,0.2375278396362749,-0.2717374891726978
5,131,-0.2717374891726978,-0.04217293152995405,0.16696101754948758,-0.2717374891726978
5,132,-0.2717374891726978,-0.039823142531567456,0.20815017318272191,-0.2717374891726978
5,133,-0.2717374891726978,-0.03667981060096191,0.21104273734835993,-0.2717374891726978
5,134,-0.2760929109436203,-0.05952292605495256,0.1861221419638174,-0.2760929109436203
5,135,-0.2760929109436203,-0.06407870457976492,0.17552318630115374,-0.2760929109436203
5,136,-0.2760929109436203,-0.08384080243675164,0.17767282428073003,-0.2760929109436203
5,137,-0.2760929109436203,-0.04614626611487767,0.21766897982261285,-0.2760929109436203
5,138,-0.2760929109436203,-0.02431141475108407,0.2505990512005775,-0.2760929109436203
5,139,-0.2760929109436203,-0.051459583627313364,0.25181791128983283,-0.2760929109436203
5,140,-0.2760929109436203,-0.07715312587166442,0.219665962140499,-0.2760929109436203
5,141,-0.29138126211290105,-0.08704827723738276,0.22796846602797255,-0.29138126211290105
5,142,-0.29138126211290105,-0.13136785169967852,0.1374397133182518,-0.29138126211290105
5,143,-0.29138126211290105,-0.10455280030750623,0.20882338512496973,-0.29138126211290105
5,144,-0.29138126211290105,-0.08108788586140209,0.2348163301273039,-0.29138126211290105
5,145,-0.29138126211290105,-0.07416352270339255,0.21495944927551097,-0.29138126211290105
5,146,-0.29138126211290105,-0.08647699980459242,0.20483657285527276,-0.29138126211290105
5,147,-0.29138126211290105,-0.07194806541782155,0.2294708708465053,-0.29138126211290105
5,148,-0.29138126211290105,-0.03699589341334932,0.2485657045454918,-0.29138126211290105
5,149,-0.29138126211290105,-0.02766779819376326,0.240425652736421,-0.29138126211290105
5,150,-0.29138126211290105,-0.049207395467513765,0.25326292574062903,-0.29138126211290105
5,151,-0.29138126211290105,-0.06327805263878997,0.2490784446190194,-0.29138126211290105
5,152,-0.29138126211290105,-0.10987581996476375,0.15642212911175396,-0.29138126211290105
5,153,-0.29138126211290105,-0.08968423767080771,0.17156440640516718,-0.29138126211290105
5,154,-0.29138126211290105,-0.049487612307745045,0.25980352106371346,-0.29138126211290105
5,155,-0.29138126211290105,-0.11135096431465392,0.1519782094207537,-0.29138126211290105
5,156,-0.29138126211290105,-0.08705051722047392,0.15721283734769706,-0.29138126211290105
5,157,-0.29138126211290105,-0.08964757174550977,0.15910293693546573,-0.29138126211290105
5,158,-0.29138126211290105,-0.08571696508061995,0.18603489098414996,-0.29138126211290105
5,159,-0.29138126211290105,-0.07372175199072105,0.2127033707170432,-0.29138126211290105
5,160,-0.29138126211290105,-0.09209631438808775,0.14634100568977293,-0.29138126211290105
5,161,-0.29138126211290105,-0.09207458005105466,0.16890705578002907,-0.29138126211290105
5,162,-0.29138126211290105,-0.027069322653664196,0.2644127151633906,-0.29138126211290105
5,163,-0.2988598448375108,-0.052531264520206546,0.2515126590361071,-0.2988598448375108
5,164,-0.2988598448375108,-0.045118523786801305,0.2503974545889723,-0.2988598448375108
5,165,-0.2988598448375108,-0.03169238915476958,0.27885239241058957,-0.2988598448375108
5,166,-0.3620745366731204,-0.06872541098839204,0.2295760376236711,-0.3620745366731204
5,167,-0.3620745366731204,-0.09279090957552666,0.17794000307748978,-0.3620745366731204
5,168,-0.3620745366731204,-0.08280225554619426,0.20993895436412818,-0.3620745366731204
5,169,-0.3620745366731204,-0.10191970606500729,0.18093666977765152,-0.3620745366731204
5,170,-0.3620745366731204,-0.1405945330147479,0.14460410010371538,-0.3620745366731204
5,171,-0.3620745366731204,-0.14860416895951095,0.14147456648648443,-0.3620745366731204
5,172,-0.3620745366731204,-0.13777527890210284,0.16259353609439145,-0.3620745366731204
5,173,-0.3620745366731204,-0.12364197907452519,0.14780659083098327,-0.3620745366731204
5,174,-0.3620745366731204,-0.10451338401195785,0.20353957039760703,-0.3620745366731204
5,175,-0.3620745366731204,-0.11539554425894222,0.2279589590975739,-0.3620745366731204
5,176,-0.3620745366731204,-0.11441316700722971,0.19999217765995447,-0.3620745366731204
5,177,-0.3620745366731204,-0.10990863156933824,0.19263267103018294,-0.3620745366731204
5,178,-0.3620745366731204,-0.032129660441215215,0.3219309381483648,-0.3620745366731204
5,179,-0.3620745366731204,-0.07262721968301511,0.25763847543291274,-0.3620745366731204
5,180,-0.3620745366731204,-0.1027847297368567,0.23745788732221781,-0.3620745366731204
5,181,-0.3620745366731204,-0.14765752990952977,0.1822872209336615,-0.3620745366731204
5,182,-0.3620745366731204,-0.11760121566836364,0.23089784027135069,-0.3620745366731204
5,183,-0.3620745366731204,-0.0773247334186908,0.2752342658500265,-0.3620745366731204
5,184,-0.3620745366731204,-0.0766437930764401,0.26453838174233224,-0.3620745366731204
5,185,-0.3620745366731204,-0.07821655008552231,0.23934869667249184,-0.3620745366731204
5,186,-0.3620745366731204,-0.11449106832599218,0.17691368616371286,-0.3620745366731204
5,187,-0.3620745366731204,-0.10063562672762776,0.231027605142425,-0.3620745366731204
5,188,-0.3620745366731204,-0.055764679323849875,0.25389938086005576,-0.3620745366731204
5,189,-0.3620745366731204,-0.1180839713701219,0.18085432212207014,-0.3620745366731204
5,190,-0.3620745366731204,-0.14895214818518374,0.17168235773300689,-0.3620745366731204
5,191,-0.3620745366731204,-0.10106923556390496,0.2767967778068507,-0.3620745366731204
5,192,-0.3620745366731204,-0.10670157508261212,0.24269582291642303,-0.3620745366731204
5,193,-0.3620745366731204,-0.08475828829960698,0.2413397509802146,-0.3620745366731204
5,194,-0.3620745366731204,-0.11017636669427196,0.2297981564042193,-0.3620745366731204
5,195,-0.3620745366731204,-0.12467159635063284,0.21735615460039645,-0.3620745366731204
5,196,-0.3620745366731204,-0.093937774161834,0.24225235528050276,-0.3620745366731204
5,197,-0.3620745366731204,-0.08562714319858894,0.28413056999837405,-0.3620745366731204
5,198,-0.3620745366731204,-0.04290824422679112,0.2656036386434247,-0.3620745366731204
5,199,-0.3620745366731204,-0.10303701356322388,0.26312959523762286,-0.3620745366731204
5,200,-0.3620745366731204,-0.13243414144091661,0.23472343999003942,-0.3620745366731204
5,201,-0.3620745366731204,-0.16329817475201466,0.1509782984285926,-0.3620745366731204
5,202,-0.3620745366731204,-0.14474494410919178,0.22746742343459372,-0.3620745366731204
5,203,-0.3620745366731204,-0.1735326831435805,0.16503479388100056,-0.3620745366731204
5,204,-0.3620745366731204,-0.13149161030656292,0.22666421895890523,-0.3620745366731204
5,205,-0.3620745366731204,-0.10282876018403897,0.27840182183135437,-0.3620745366731204
5,206,-0.3620745366731204,-0.09479425132340964,0.26915605965080536,-0.3620745366731204
5,207,-0.3620745366731204,-0.16709773723473778,0.17210380223790628,-0.3620745366731204
5,208,-0.3620745366731204,-0.14259105271529943,0.21979590789167197,-0.3620745366731204
5,209,-0.3620745366731204,-0.10246797289256886,0.2622415874903849,-0.3620745366731204
5,210,-0.3620745366731204,-0.09193178335027959,0.274782382341669,-0.3620745366731204
5,211,-0.3620745366731204,-0.1559957087678314,0.18160603135476244,-0.3620745366731204
5,212,-0.3620745366731204,-0.1540658731279624,0.19821527814553158,-0.3620745366731204
5,213,-0.3620745366731204,-0.1447272983537533,0.25163111991465714,-0.3620745366731204
5,214,-0.3620745366731204,-0.13055870769445116,0.2741385059604343,-0.3620745366731204
5,215,-0.3620745366731204,-0.07301379636470094,0.29923816305114703,-0.3620745366731204
5,216,-0.4129517540638359,-0.1412911998697273,0.22380133840687513,-0.4129517540638359
5,217,-0.4129517540638359,-0.2202566837536475,0.14251634032162347,-0.4129517540638359
5,218,-0.4129517540638359,-0.18689128578945743,0.2288687100361524,-0.4129517540638359
5,219,-0.4129517540638359,-0.14275471117769326,0.30531999742944815,-0.4129517540638359
5,220,-0.4129517540638359,-0.13237979678612755,0.33278488459662386,-0.4129517540638359
5,221,-0.4129517540638359,-0.15589998040458905,0.2418623252555962,-0.4129517540638359
5,222,-0.4129517540638359,-0.13227289140040693,0.28609650965455846,-0.4129517540638359
5,223,-0.4129517540638359,-0.16517112764988076,0.2506493104691461,-0.4129517540638359
5,224,-0.4129517540638359,-0.16442263180508804,0.2061853043281871,-0.4129517540638359
5,225,-0.4129517540638359,-0.18632138202859405,0.17601104691486943,-0.4129517540638359
5,226,-0.419866603526992,-0.22863836971199464,0.16972754794617226,-0.419866603526992
5,227,-0.45366756726675384,-0.22511120508687113,0.18285273987306264,-0.45366756726675384
5,228,-0.45366756726675384,-0.1665343631079829,0.2691239104826847,-0.45366756726675384
5,229,-0.45366756726675384,-0.18594700033687767,0.2546453154500121,-0.45366756726675384
5,230,-0.45366756726675384,-0.16850214579860906,0.3264092177033556,-0.45366756726675384
5,231,-0.45366756726675384,-0.22584206255362824,0.22157409215793256,-0.45366756726675384
5,232,-0.45366756726675384,-0.22588546425895814,0.24567107332133858,-0.45366756726675384
5,233,-0.45366756726675384,-0.21799601513914738,0.29873635590814024,-0.45366756726675384
5,234,-0.45366756726675384,-0.23533015737578594,0.23013255989628775,-0.45366756726675384
5,235,-0.45366756726675384,-0.24758290631476676,0.18985869046918585,-0.45366756726675384
5,236,-0.45366756726675384,-0.2534429805903073,0.20510677593889093,-0.45366756726675384
5,237,-0.5566833675574556,-0.2651542696036916,0.2064078458321755,-0.5566833675574556
5,238,-0.5566833675574556,-0.22772170231807193,0.25652960773671274,-0.5566833675574556
5,239,-0.5566833675574556,-0.20274955861694083,0.27327480627881,-0.5566833675574556
5,240,-0.5566833675574556,-0.19882351019134942,0.2637608931098648,-0.5566833675574556
5,241,-0.5566833675574556,-0.09826284002733399,0.34352442521497795,-0.5566833675574556
5,242,-0.5566833675574556,-0.16608920120986498,0.27486075512879277,-0.5566833675574556
5,243,-0.5566833675574556,-0.17827177610837552,0.25712446785616083,-0.5566833675574556
5,244,-0.5566833675574556,-0.12057643147921579,0.36917895013378355,-0.5566833675574556
5,245,-0.5566833675574556,-0.15298629393658736,0.36406714534539664,-0.5566833675574556
5,246,-0.5566833675574556,-0.19414872743192638,0.2513777407169873,-0.5566833675574556
5,247,-0.5566833675574556,-0.16680504075055888,0.26248792679755634,-0.5566833675574556
5,248,-0.5566833675574556,-0.1554741314263156,0.3018621785577757,-0.5566833675574556
5,249,-0.5566833675574556,-0.13245864935082444,0.32470790919142867,-0.5566833675574556
5,250,-0.5566833675574556,-0.15596871918824542,0.2656992381331129,-0.5566833675574556
5,251,-0.5566833675574556,-0.10464037518243034,0.333260119937923,-0.5566833675574556
5,252,-0.5566833675574556,-0.11261256286220558,0.32747634380103496,-0.5566833675574556
5,253,-0.5566833675574556,-0.1713776341895697,0.2728167155569512,-0.5566833675574556
5,254,-0.5566833675574556,-0.13447183701405482,0.2712993956746242,-0.5566833675574556
5,255,-0.5566833675574556,-0.12707070139753032,0.3025744521514959,-0.5566833675574556
5,256,-0.5566833675574556,-0.15734653924861478,0.2845803013580842,-0.5566833675574556
5,257,-0.5566833675574556,-0.1379578988316378,0.25506401558833164,-0.5566833675574556
5,258,-0.5566833675574556,-0.12475195366728782,0.27845027231399005,-0.5566833675574556
5,259,-0.5566833675574556,-0.15811138862211185,0.2787322761544059,-0.5566833675574556
5,260,-0.5566833675574556,-0.1500042466301407,0.30974350790879246,-0.5566833675574556
5,261,-0.5566833675574556,-0.12585296777063787,0.3390225765981102,-0.5566833675574556
5,262,-0.5566833675574556,-0.20546113400960536,0.2614001595212789,-0.5566833675574556
5,263,-0.5566833675574556,-0.14632395343039992,0.3152256629169376,-0.5566833675574556
5,264,-0.5566833675574556,-0.2183696150283198,0.24557290130302467,-0.5566833675574556
5,265,-0.5566833675574556,-0.25394744013650633,0.20339603472270637,-0.5566833675574556
5,266,-0.5566833675574556,-0.2711048076993928,0.16760508039810648,-0.5566833675574556
5,267,-0.5566833675574556,-0.24259720507364596,0.1982096020456566,-0.5566833675574556
5,268,-0.5566833675574556,-0.2446699548971365,0.26090534488384487,-0.5566833675574556
5,269,-0.5566833675574556,-0.24778891041811513,0.21361800300957426,-0.5566833675574556
5,270,-0.5566833675574556,-0.22337123946955242,0.27255670413010025,-0.5566833675574556
5,271,-0.5566833675574556,-0.1394547599232214,0.33481618095437143,-0.5566833675574556
5,272,-0.5566833675574556,-0.08709330722697896,0.3555974965094983,-0.5566833675574556
5,273,-0.5566833675574556,-0.08022425118980656,0.3679901710861112,-0.5566833675574556
5,274,-0.5566833675574556,-0.11128015052769014,0.3479284115912132,-0.5566833675574556
5,275,-0.5566833675574556,-0.13734979659889393,0.3011474730846372,-0.5566833675574556
5,276,-0.5566833675574556,-0.1896090379527074,0.2365267537003128,-0.5566833675574556
5,277,-0.5566833675574556,-0.1583296252490481,0.2971981860955753,-0.5566833675574556
5,278,-0.5566833675574556,-0.16506809229726446,0.27192688780931995,-0.5566833675574556
5,279,-0.5566833675574556,-0.22979629413002894,0.22062200470749907,-0.5566833675574556
5,280,-0.5566833675574556,-0.22554641636916498,0.2572494878009955,-0.5566833675574556
5,281,-0.5566833675574556,-0.24285423723760377,0.21032320020479445,-0.5566833675574556
5,282,-0.5566833675574556,-0.19899995710102975,0.28368539811625915,-0.5566833675574556
5,283,-0.5566833675574556,-0.19128953749982505,0.30069362051145454,-0.5566833675574556
5,284,-0.5566833675574556,-0.20606453647321404,0.2648670134076981,-0.5566833675574556
5,285,-0.5566833675574556,-0.1582927404245879,0.2876704425597983,-0.5566833675574556
5,286,-0.5566833675574556,-0.15543012576507786,0.308897047390854,-0.5566833675574556
5,287,-0.5566833675574556,-0.18762319842901498,0.2598746111611687,-0.5566833675574556
5,288,-0.5566833675574556,-0.23193378817675955,0.23165650564002657,-0.5566833675574556
5,289,-0.5566833675574556,-0.19841322993607963,0.21713991113791464,-0.5566833675574556
5,290,-0.5566833675574556,-0.19477309257560257,0.28258413842302743,-0.5566833675574556
5,291,-0.5566833675574556,-0.21321504217926796,0.22325737369761153,-0.5566833675574556
5,292,-0.5566833675574556,-0.206433835732711,0.2598748528735967,-0.5566833675574556
5,293,-0.5566833675574556,-0.17697243338841737,0.30553784267425294,-0.5566833675574556
5,294,-0.5566833675574556,-0.18699699103599018,0.3113625236711723,-0.5566833675574556
5,295,-0.5566833675574556,-0.1779060699170468,0.3254676569970016,-0.5566833675574556
5,296,-0.5566833675574556,-0.20343015883638188,0.3026327598365215,-0.5566833675574556
5,297,-0.5566833675574556,-0.23730234292494934,0.2636657382263274,-0.5566833675574556
5,298,-0.5566833675574556,-0.21284281984799927,0.2841002250307003,-0.5566833675574556
5,299,-0.5566833675574556,-0.21248633658602573,0.2528132347064452,-0.5566833675574556
5,300,-0.5566833675574556,-0.19612771748101607,0.25573582999448563,-0.5566833675574556
5,301,-0.5566833675574556,-0.1779090039661398,0.31663707560485893,-0.5566833675574556
5,302,-0.5566833675574556,-0.22488537939045,0.24434481387761967,-0.5566833675574556
5,303,-0.5566833675574556,-0.21948266828099486,0.2320325419563251,-0.5566833675574556
5,304,-0.5566833675574556,-0.1998305588319618,0.2513232523286926,-0.5566833675574556
5,305,-0.5566833675574556,-0.18448257002539775,0.27344158473019653,-0.5566833675574556
5,306,-0.5566833675574556,-0.2321748315892151,0.21162892793439564,-0.5566833675574556
5,307,-0.5566833675574556,-0.23178329098424097,0.21619016695538895,-0.5566833675574556
5,308,-0.5566833675574556,-0.24979582460601507,0.23388162946823401,-0.5566833675574556
5,309,-0.5566833675574556,-0.24534432308221174,0.24415929658869368,-0.5566833675574556
5,310,-0.5566833675574556,-0.22801111927067758,0.2510195170295582,-0.5566833675574556
5,311,-0.5566833675574556,-0.23054213040960977,0.25006946909459293,-0.5566833675574556
5,312,-0.5566833675574556,-0.17184298057878308,0.34200207646133485,-0.5566833675574556
5,313,-0.5566833675574556,-0.21044038380232108,0.32328375219228506,-0.5566833675574556
5,314,-0.5566833675574556,-0.22125695240288581,0.29043443049750367,-0.5566833675574556
5,315,-0.5566833675574556,-0.21317600233430017,0.3021175163744476,-0.5566833675574556
5,316,-0.5566833675574556,-0.24755976578493583,0.23944013430883174,-0.5566833675574556
5,317,-0.5566833675574556,-0.1894639482890362,0.29727248845192045,-0.5566833675574556
5,318,-0.5566833675574556,-0.17097673423023127,0.2961243821124681,-0.5566833675574556
5,319,-0.5566833675574556,-0.1427139693132649,0.33379080721798526,-0.5566833675574556
5,320,-0.5566833675574556,-0.1513958387569333,0.34025248250416784,-0.5566833675574556
5,321,-0.5566833675574556,-0.14006579396477842,0.3560633635645623,-0.5566833675574556
5,322,-0.5566833675574556,-0.1562844955287068,0.3336321188465401,-0.5566833675574556
5,323,-0.5566833675574556,-0.2372466260678104,0.24155536847784886,-0.5566833675574556
5,324,-0.5566833675574556,-0.2531907501016792,0.20791847782358402,-0.5566833675574556
5,325,-0.5566833675574556,-0.2712795352296734,0.1946128679174701,-0.5566833675574556
5,326,-0.5566833675574556,-0.2245103347158531,0.24538795137217653,-0.5566833675574556
5,327,-0.5566833675574556,-0.17229869056217406,0.3200134178139786,-0.5566833675574556
5,328,-0.5566833675574556,-0.13939464081649142,0.33241075741404097,-0.5566833675574556
5,329,-0.5566833675574556,-0.14093192211091826,0.3572957906024732,-0.5566833675574556
5,330,-0.5566833675574556,-0.17981974091530226,0.34655817594300015,-0.5566833675574556
5,331,-0.5566833675574556,-0.21915104300467528,0.25532588471393164,-0.5566833675574556
5,332,-0.5566833675574556,-0.23119372932063006,0.2357086651710037,-0.5566833675574556
5,333,-0.5566833675574556,-0.1959292624353435,0.27590379134973175,-0.5566833675574556
5,334,-0.5566833675574556,-0.2024067371761752,0.27145740488776293,-0.5566833675574556
5,335,-0.5566833675574556,-0.24099358084569966,0.22284791573343243,-0.5566833675574556
5,336,-0.5566833675574556,-0.1811573613774512,0.2404666604016964,-0.5566833675574556
5,337,-0.5566833675574556,-0.20122531306451621,0.24237748009836763,-0.5566833675574556
5,338,-0.5566833675574556,-0.22421618858371828,0.2855701797070085,-0.5566833675574556
5,339,-0.5566833675574556,-0.18520263013409424,0.3416046333002717,-0.5566833675574556
5,340,-0.5566833675574556,-0.18139934737360644,0.3339678398175629,-0.5566833675574556
5,341,-0.5566833675574556,-0.20230359704687398,0.3183670959889631,-0.5566833675574556
5,342,-0.5566833675574556,-0.18798094061893889,0.269325308984314,-0.5566833675574556
5,343,-0.5566833675574556,-0.14032782588267007,0.3602826590245585,-0.5566833675574556
5,344,-0.5566833675574556,-0.23796981976720902,0.24522933227400906,-0.5566833675574556
5,345,-0.5566833675574556,-0.25070030598605164,0.23194880355168132,-0.5566833675574556
5,346,-0.5566833675574556,-0.18990883427005467,0.3147799459640898,-0.5566833675574556
5,347,-0.6075518498783974,-0.26040871296314133,0.26135747810110604,-0.6075518498783974
5,348,-0.6075518498783974,-0.2921490509169874,0.23043979537478662,-0.6075518498783974
5,349,-0.6075518498783974,-0.288772101064555,0.20577124458319843,-0.6075518498783974
5,350,-0.6075518498783974,-0.31020451597349025,0.1771048639638603,-0.6075518498783974
5,351,-0.6075518498783974,-0.2673137315653186,0.1993628977719727,-0.6075518498783974
5,352,-0.6075518498783974,-0.23585024031286153,0.25675589303702795,-0.6075518498783974
5,353,-0.6358307595898871,-0.28628979254218423,0.22740199102732106,-0.6358307595898871
5,354,-0.6358307595898871,-0.2451200894238338,0.33172724559220607,-0.6358307595898871
5,355,-0.6358307595898871,-0.26398524347922814,0.30728895450840016,-0.6358307595898871
5,356,-0.6358307595898871,-0.28922008921938747,0.2763949146599111,-0.6358307595898871
5,357,-0.6358307595898871,-0.32544307694667646,0.2758082338020068,-0.6358307595898871
5,358,-0.6358307595898871,-0.3205687142232279,0.24041913684840346,-0.6358307595898871
5,359,-0.6358307595898871,-0.302658992594978,0.2794730441788312,-0.6358307595898871
5,360,-0.6358307595898871,-0.31150117875215155,0.2721575317248928,-0.6358307595898871
5,361,-0.6358307595898871,-0.3279470512045824,0.22910790386514795,-0.6358307595898871
5,362,-0.6358307595898871,-0.30942144250433834,0.2934595690440502,-0.6358307595898871
5,363,-0.6358307595898871,-0.291327833779683,0.29407474412192647,-0.6358307595898871
5,364,-0.6358307595898871,-0.2694883216085836,0.2772325072043751,-0.6358307595898871
5,365,-0.6358307595898871,-0.27547449548932657,0.3144969482132841,-0.6358307595898871
5,366,-0.6358307595898871,-0.2696409819107293,0.3086819189739673,-0.6358307595898871
5,367,-0.6358307595898871,-0.29864990767986793,0.29286279126127207,-0.6358307595898871
5,368,-0.6358307595898871,-0.3124053220674784,0.2897240722084011,-0.6358307595898871
5,369,-0.6358307595898871,-0.34972448540823026,0.2500687009065348,-0.6358307595898871
5,370,-0.6358307595898871,-0.34403353667251957,0.26962746282294353,-0.6358307595898871
5,371,-0.6474246299505344,-0.3469009824286816,0.22405739678877348,-0.6474246299505344
5,372,-0.6474246299505344,-0.2975679407109842,0.26936600469495814,-0.6474246299505344
5,373,-0.6474246299505344,-0.26796753048300864,0.2878093229040649,-0.6474246299505344
5,374,-0.6474246299505344,-0.3239573150681533,0.22572496967309605,-0.6474246299505344
5,375,-0.6474246299505344,-0.31613596486374085,0.21965413838524903,-0.6474246299505344
5,376,-0.6474246299505344,-0.3128314544497288,0.29281139679123797,-0.6474246299505344
5,377,-0.6474246299505344,-0.37427049480111774,0.17574722815319754,-0.6474246299505344
5,378,-0.6474246299505344,-0.34982397655535213,0.1964507642187591,-0.6474246299505344
5,379,-0.6474246299505344,-0.35069934289483745,0.19244311513133802,-0.6474246299505344
5,380,-0.6474246299505344,-0.33985610306914504,0.21507681903952003,-0.6474246299505344
5,381,-0.6474246299505344,-0.31563734503455976,0.22426314379142606,-0.6474246299505344
5,382,-0.6474246299505344,-0.31281996055216477,0.241214640018097,-0.6474246299505344
5,383,-0.6474246299505344,-0.3317113330946626,0.2063942478472097,-0.6474246299505344
5,384,-0.6474246299505344,-0.33716396573033947,0.24571055778550413,-0.6474246299505344
5,385,-0.6474246299505344,-0.30050625282785604,0.257299435476922,-0.6474246299505344
5,386,-0.6474246299505344,-0.31951912888385703,0.2243076545417112,-0.6474246299505344
5,387,-0.6474246299505344,-0.3589612356551754,0.1600557154372043,-0.6474246299505344
5,388,-0.6474246299505344,-0.33498845087538526,0.2232965010515524,-0.6474246299505344
5,389,-0.6474246299505344,-0.3633745733736227,0.14888034111669451,-0.6474246299505344
5,390,-0.6474246299505344,-0.3199551470852426,0.17659759387673737,-0.6474246299505344
5,391,-0.6474246299505344,-0.2974042199602611,0.21413143395225004,-0.6474246299505344
5,392,-0.6474246299505344,-0.33584776194892646,0.16104665812426722,-0.6474246299505344
5,393,-0.6474246299505344,-0.30421586741585244,0.2214641555367666,-0.6474246299505344
5,394,-0.6474246299505344,-0.32084653852273953,0.21730505250367751,-0.6474246299505344
5,395,-0.6474246299505344,-0.3280191490761462,0.20121670966224325,-0.6474246299505344
5,396,-0.6474246299505344,-0.38324998785041375,0.13860275401520822,-0.6474246299505344
5,397,-0.6474246299505344,-0.42922708668530335,0.12191120486989786,-0.6474246299505344
5,398,-0.6474246299505344,-0.39367627088735685,0.18582757399994151,-0.6474246299505344
5,399,-0.6474246299505344,-0.3799243160258158,0.2006905367558218,-0.6474246299505344
5,400,-0.6474246299505344,-0.3981479586880737,0.16492112692065045,-0.6474246299505344
5,401,-0.6474246299505344,-0.3637726280226599,0.23793958426026898,-0.6474246299505344
5,402,-0.6474246299505344,-0.391828633812057,0.1594901257923042,-0.6474246299505344
5,403,-0.6474246299505344,-0.368025324630352,0.20286176695190797,-0.6474246299505344
5,404,-0.6474246299505344,-0.3485969471712584,0.20936239049410843,-0.6474246299505344
5,405,-0.6474246299505344,-0.3449701724968749,0.23319573016561648,-0.6474246299505344
5,406,-0.6474246299505344,-0.33112404360473824,0.27248479997682806,-0.6474246299505344
5,407,-0.6474246299505344,-0.3244757695105982,0.27366149641226656,-0.6474246299505344
5,408,-0.6474246299505344,-0.30801041839629045,0.30507962084830703,-0.6474246299505344
5,409,-0.6474246299505344,-0.36250113939493167,0.24973877998072003,-0.6474246299505344
5,410,-0.6474246299505344,-0.41462643916445485,0.1653037366557785,-0.6474246299505344
5,411,-0.6474246299505344,-0.3577221820186645,0.2290924307789175,-0.6474246299505344
5,412,-0.6474246299505344,-0.3601835627059696,0.22275036947911236,-0.6474246299505344
5,413,-0.6474246299505344,-0.33567737783355034,0.2463331218390697,-0.6474246299505344
5,414,-0.6474246299505344,-0.39502754791941425,0.19166062711266874,-0.6474246299505344
5,415,-0.6474246299505344,-0.29435601793760696,0.318236931221991,-0.6474246299505344
5,416,-0.6474246299505344,-0.4034682472286244,0.14094531983875036,-0.6474246299505344
5,417,-0.6474246299505344,-0.3515414521470975,0.24086557619601287,-0.6474246299505344
5,418,-0.6474246299505344,-0.33601309156180054,0.3046372832678103,-0.6474246299505344
5,419,-0.6474246299505344,-0.3680417489781775,0.20632672303312213,-0.6474246299505344
5,420,-0.6474246299505344,-0.35360002193444906,0.22200554612617046,-0.6474246299505344
5,421,-0.6474246299505344,-0.3646782757200214,0.2063019259527341,-0.6474246299505344
5,422,-0.6474246299505344,-0.3403757819829626,0.22961205231450946,-0.6474246299505344
5,423,-0.6474246299505344,-0.3366108469899097,0.20098559370090713,-0.6474246299505344
5,424,-0.6474246299505344,-0.3408809315920803,0.1970575583065397,-0.6474246299505344
5,425,-0.6474246299505344,-0.331784140251546,0.20210035249138286,-0.6474246299505344
5,426,-0.6474246299505344,-0.3811183163730384,0.18285789386107393,-0.6474246299505344
5,427,-0.6474246299505344,-0.34002144997411876,0.2158312431205965,-0.6474246299505344
5,428,-0.6474246299505344,-0.34689966627896623,0.22032924211319746,-0.6474246299505344
5,429,-0.6474246299505344,-0.36557104164144916,0.21076237626465535,-0.6474246299505344
5,430,-0.6474246299505344,-0.3510393848651208,0.20958737876052191,-0.6474246299505344
5,431,-0.6474246299505344,-0.3092510340753337,0.3136766024866852,-0.6474246299505344
5,432,-0.6474246299505344,-0.3298850043608533,0.23760238472216547,-0.6474246299505344
5,433,-0.6474246299505344,-0.38159370161621914,0.17982115662788356,-0.6474246299505344
5,434,-0.6474246299505344,-0.36644942695610716,0.19136776520899054,-0.6474246299505344
5,435,-0.6474246299505344,-0.3427925558758459,0.21808805078413573,-0.6474246299505344
5,436,-0.6474246299505344,-0.3830395942551556,0.20334712935281335,-0.6474246299505344
5,437,-0.6474246299505344,-0.3949676697250183,0.1773824038029307,-0.6474246299505344
5,438,-0.6474246299505344,-0.33413046738572183,0.26151095301587024,-0.6474246299505344
5,439,-0.6474246299505344,-0.3349045087424514,0.2904187631343146,-0.6474246299505344
5,440,-0.6474246299505344,-0.3541930868107325,0.2371122874044648,-0.6474246299505344
5,441,-0.6474246299505344,-0.38297857015982834,0.23815181112428632,-0.6474246299505344
5,442,-0.6474246299505344,-0.38363908627605847,0.21134682994505158,-0.6474246299505344
5,443,-0.6474246299505344,-0.3943071603452179,0.20993289360626516,-0.6474246299505344
5,444,-0.6474246299505344,-0.4477579233869398,0.16623332893505288,-0.6474246299505344
5,445,-0.6474246299505344,-0.4378709861629468,0.16537421829736798,-0.6474246299505344
5,446,-0.6474246299505344,-0.44437843208027616,0.13616688516718048,-0.6474246299505344
5,447,-0.6474246299505344,-0.4060127507273997,0.21445551481163183,-0.6474246299505344
5,448,-0.6689981094962714,-0.40232488978615516,0.282800295204609,-0.6689981094962714
5,449,-0.6689981094962714,-0.4333681252241072,0.26360783993775405,-0.6689981094962714
5,450,-0.6689981094962714,-0.4524843376632164,0.1998797470196586,-0.6689981094962714
5,451,-0.6689981094962714,-0.44510138449056663,0.19272655274519615,-0.6689981094962714
5,452,-0.6689981094962714,-0.42154540256118767,0.2310561238431249,-0.6689981094962714
5,453,-0.6689981094962714,-0.44733340887197814,0.2028387297574176,-0.6689981094962714
5,454,-0.6689981094962714,-0.4451451306184804,0.19698878557746305,-0.6689981094962714
5,455,-0.6689981094962714,-0.4406329579729761,0.22502606566020225,-0.6689981094962714
5,456,-0.6689981094962714,-0.42383165544971485,0.31219139709266236,-0.6689981094962714
5,457,-0.7439108315473285,-0.46981398764029925,0.19827471619254422,-0.7439108315473285
5,458,-0.7439108315473285,-0.4817106065865676,0.18846109202461717,-0.7439108315473285
5,459,-0.7439108315473285,-0.4314881410240715,0.24733778273278756,-0.7439108315473285
5,460,-0.7439108315473285,-0.4293415471387009,0.273040585526551,-0.7439108315473285
5,461,-0.7439108315473285,-0.4458809073815844,0.2283926640490518,-0.7439108315473285
5,462,-0.7439108315473285,-0.4663034410356745,0.19831028366232653,-0.7439108315473285
5,463,-0.7439108315473285,-0.4177125362531976,0.2781442779458308,-0.7439108315473285
5,464,-0.7439108315473285,-0.41025643876287543,0.3185289519222601,-0.7439108315473285
5,465,-0.7439108315473285,-0.4050573329500168,0.28270240820322695,-0.7439108315473285
5,466,-0.7439108315473285,-0.47750960788007696,0.1733509913065036,-0.7439108315473285
5,467,-0.7439108315473285,-0.4829573289408524,0.18202179224876056,-0.7439108315473285
5,468,-0.7439108315473285,-0.4667439473729832,0.23077886887656157,-0.7439108315473285
5,469,-0.7439108315473285,-0.4040483275251623,0.31576821382029574,-0.7439108315473285
5,470,-0.7439108315473285,-0.48490863456826555,0.18537131412134752,-0.7439108315473285
5,471,-0.7439108315473285,-0.5181261471185827,0.15577348823185064,-0.7439108315473285
5,472,-0.7439108315473285,-0.5102016527873239,0.15758198352985586,-0.7439108315473285
5,473,-0.7439108315473285,-0.5531961932029404,0.12842407446732976,-0.7439108315473285
5,474,-0.7439108315473285,-0.5057670108043789,0.26254510782923,-0.7439108315473285
5,475,-0.7439108315473285,-0.482453322543888,0.2731444745778596,-0.7439108315473285
5,476,-0.7439108315473285,-0.511694817869291,0.18641680047202297,-0.7439108315473285
5,477,-0.7439108315473285,-0.5142649071561973,0.19370423423870994,-0.7439108315473285
5,478,-0.7439108315473285,-0.5260627477162519,0.15887616830349346,-0.7439108315473285
5,479,-0.7439108315473285,-0.5473205549432332,0.142844191466675,-0.7439108315473285
5,480,-0.7439108315473285,-0.5460342257795819,0.18297716355738625,-0.7439108315473285
5,481,-0.7439108315473285,-0.5373640521071424,0.17412453947045234,-0.7439108315473285
5,482,-0.7439108315473285,-0.5140785978016229,0.18526840365629854,-0.7439108315473285
5,483,-0.7439108315473285,-0.4479469067028762,0.28535549732880716,-0.7439108315473285
5,484,-0.7439108315473285,-0.4744492079581557,0.26569304944869176,-0.7439108315473285
5,485,-0.7439108315473285,-0.4888222172275198,0.2200063342424587,-0.7439108315473285
5,486,-0.7439108315473285,-0.5056282439600491,0.19922423839193243,-0.7439108315473285
5,487,-0.7439108315473285,-0.4627365252423123,0.2593953149625877,-0.7439108315473285
5,488,-0.7439108315473285,-0.43634239419574267,0.27944532489389307,-0.7439108315473285
5,489,-0.7439108315473285,-0.47524566709715294,0.27532929625814595,-0.7439108315473285
5,490,-0.7439108315473285,-0.4880362435053346,0.2056532655216192,-0.7439108315473285
5,491,-0.7439108315473285,-0.4509115183676093,0.2438152943932736,-0.7439108315473285
5,492,-0.7439108315473285,-0.489930300021715,0.1978298025360328,-0.7439108315473285
5,493,-0.7439108315473285,-0.49994061555513164,0.1969697261368368,-0.7439108315473285
5,494,-0.7439108315473285,-0.4697889253034084,0.23602781901474013,-0.7439108315473285
5,495,-0.7439108315473285,-0.4747367629760983,0.21428586608861686,-0.7439108315473285
5,496,-0.7439108315473285,-0.4933678527967211,0.18010452657340745,-0.7439108315473285
5,497,-0.7439108315473285,-0.4631848541137525,0.2184948083708212,-0.7439108315473285
5,498,-0.7439108315473285,-0.488267945791062,0.21821740313243895,-0.7439108315473285
5,499,-0.7439108315473285,-0.480064583697623,0.23812956321253348,-0.7439108315473285
5,500,-0.7439108315473285,-0.5215265099253098,0.1633490709014414,-0.7439108315473285
5,501,-0.7439108315473285,-0.5110819626743256,0.19572513947227496,-0.7439108315473285
5,502,-0.7439108315473285,-0.4853035756090778,0.23830522115970143,-0.7439108315473285
5,503,-0.7439108315473285,-0.4914809972061012,0.280928393283225,-0.7439108315473285
5,504,-0.7439108315473285,-0.4835922334984291,0.2632226873884478,-0.7439108315473285
5,505,-0.7439108315473285,-0.456131491951852,0.3040476960267218,-0.7439108315473285
5,506,-0.7439108315473285,-0.5002528757892434,0.1566366206787209,-0.7439108315473285
5,507,-0.7439108315473285,-0.5112826717899602,0.14575101739051355,-0.7439108315473285
5,508,-0.7439108315473285,-0.5156250029222625,0.14620644248235107,-0.7439108315473285
5,509,-0.7439108315473285,-0.5433657237090906,0.11909029766660598,-0.7439108315473285
5,510,-0.7439108315473285,-0.5485220744003246,0.1164497056545649,-0.7439108315473285
5,511,-0.7439108315473285,-0.5548309492160944,0.1134084798733534,-0.7439108315473285
5,512,-0.7439108315473285,-0.529292970894793,0.1505787047223297,-0.7439108315473285
5,513,-0.7439108315473285,-0.47222984813621544,0.20906628348339465,-0.7439108315473285
5,514,-0.7439108315473285,-0.4610029466161543,0.22446372207905216,-0.7439108315473285
5,515,-0.7439108315473285,-0.4567261610466344,0.24626340686472495,-0.7439108315473285
5,516,-0.7439108315473285,-0.46062220452372726,0.26691043049154967,-0.7439108315473285
5,517,-0.7439108315473285,-0.5414086617204295,0.14087253453366771,-0.7439108315473285
5,518,-0.7439108315473285,-0.4778698257441059,0.3033867446403786,-0.7439108315473285
5,519,-0.7439108315473285,-0.4200282776346619,0.3555941418117076,-0.7439108315473285
5,520,-0.7439108315473285,-0.48480909727954363,0.22233767247793143,-0.7439108315473285
5,521,-0.7439108315473285,-0.5052494752984763,0.18685692117779484,-0.7439108315473285
5,522,-0.7439108315473285,-0.4894379028613016,0.21877555608167115,-0.7439108315473285
5,523,-0.7439108315473285,-0.4910289673167349,0.20683873725393423,-0.7439108315473285
5,524,-0.7439108315473285,-0.4939661940046115,0.20290609613380087,-0.7439108315473285
5,525,-0.7439108315473285,-0.5079627241823762,0.2047613513140579,-0.7439108315473285
5,526,-0.7439108315473285,-0.467013434187235,0.3148291407948042,-0.7439108315473285
5,527,-0.7439108315473285,-0.5046882001387788,0.2787795569332588,-0.7439108315473285
5,528,-0.7670756312070773,-0.5329446641665986,0.192025773688829,-0.7670756312070773
5,529,-0.7773631897399811,-0.5322641942519137,0.20184307373595572,-0.7773631897399811
5,530,-0.7773631897399811,-0.5126755612519406,0.22152220580449494,-0.7773631897399811
5,531,-0.7773631897399811,-0.5022757092435789,0.2204329741013339,-0.7773631897399811
5,532,-0.7773631897399811,-0.5234760859100448,0.18683634300989818,-0.7773631897399811
5,533,-0.7773631897399811,-0.5622735678225216,0.14818082048691708,-0.7773631897399811
5,534,-0.7773631897399811,-0.5596836123633271,0.14504220543280189,-0.7773631897399811
5,535,-0.7773631897399811,-0.48659786294243784,0.3243139789054543,-0.7773631897399811
5,536,-0.7773631897399811,-0.4907399281420774,0.3212803197582576,-0.7773631897399811
5,537,-0.7773631897399811,-0.4938052823874623,0.34005615635573333,-0.7773631897399811
5,538,-0.7773631897399811,-0.45010503381732647,0.375789706423075,-0.7773631897399811
5,539,-0.7773631897399811,-0.5009544223135616,0.28952861204056424,-0.7773631897399811
5,540,-0.7773631897399811,-0.5719664613447516,0.16559441003370015,-0.7773631897399811
5,541,-0.7773631897399811,-0.5625209310343492,0.18555991677990719,-0.7773631897399811
5,542,-0.7773631897399811,-0.5362617991436,0.19563552717350569,-0.7773631897399811
5,543,-0.7773631897399811,-0.5397985712554922,0.1912965262276476,-0.7773631897399811
5,544,-0.7773631897399811,-0.5046620694920838,0.21874654449347605,-0.7773631897399811
5,545,-0.7773631897399811,-0.5051928183118333,0.23456915189247599,-0.7773631897399811
5,546,-0.7773631897399811,-0.5135391327371915,0.21191067034457411,-0.7773631897399811
5,547,-0.7773631897399811,-0.4896464557775674,0.27322326613732106,-0.7773631897399811
5,548,-0.7773631897399811,-0.47500415797403683,0.30235335689306453,-0.7773631897399811
5,549,-0.7773631897399811,-0.4526240083855837,0.38071482342527263,-0.7773631897399811
5,550,-0.7773631897399811,-0.49273705708486387,0.27952816185837265,-0.7773631897399811
5,551,-0.7773631897399811,-0.5527342635378524,0.15913280999060175,-0.7773631897399811
5,552,-0.7773631897399811,-0.5452680460600775,0.16918777935118984,-0.7773631897399811
5,553,-0.7773631897399811,-0.4628393851812789,0.3436431084901383,-0.7773631897399811
5,554,-0.7773631897399811,-0.5313988068341698,0.1850074922938634,-0.7773631897399811
5,555,-0.7773631897399811,-0.5206710710022693,0.25193831948546164,-0.7773631897399811
5,556,-0.7773631897399811,-0.573622909650987,0.13329251315628787,-0.7773631897399811
5,557,-0.7773631897399811,-0.5578056524914953,0.16730468112892918,-0.7773631897399811
5,558,-0.7773631897399811,-0.5499816237995137,0.1571344476280488,-0.7773631897399811
5,559,-0.7838891381757582,-0.5643844958386418,0.16393064735534849,-0.7838891381757582
5,560,-0.7838891381757582,-0.5715244938546937,0.1572325867144321,-0.7838891381757582
5,561,-0.7838891381757582,-0.5485942090483743,0.19167289013065283,-0.7838891381757582
5,562,-0.7838891381757582,-0.5533054551050488,0.17449923729752267,-0.7838891381757582
5,563,-0.7838891381757582,-0.5244802362238257,0.21946621235499023,-0.7838891381757582
5,564,-0.7838891381757582,-0.5163804411528586,0.21822189156323699,-0.7838891381757582
5,565,-0.7838891381757582,-0.5315379370774339,0.23140290996087673,-0.7838891381757582
5,566,-0.7838891381757582,-0.5059203053331631,0.27387566130474744,-0.7838891381757582
5,567,-0.7838891381757582,-0.5392540720978413,0.24807823605368787,-0.7838891381757582
5,568,-0.7838891381757582,-0.5589983932626551,0.2008305840999648,-0.7838891381757582
5,569,-0.8424090566348593,-0.5473275233552436,0.252991294426211,-0.8424090566348593
5,570,-0.8424090566348593,-0.5291068972537619,0.25553666428637417,-0.8424090566348593
5,571,-0.8424090566348593,-0.5227151699474318,0.24181980937283115,-0.8424090566348593
5,572,-0.8424090566348593,-0.5297514764963408,0.2560340572407488,-0.8424090566348593
5,573,-0.8424090566348593,-0.5169850198392449,0.2868742719957137,-0.8424090566348593
5,574,-0.8424090566348593,-0.5434087082991856,0.2055782835567062,-0.8424090566348593
5,575,-0.8424090566348593,-0.5476412071715456,0.2115863797119204,-0.8424090566348593
5,576,-0.8424090566348593,-0.49660468537123087,0.28370626592348236,-0.8424090566348593
5,577,-0.8424090566348593,-0.53716219601609,0.17646242775683355,-0.8424090566348593
5,578,-0.8424090566348593,-0.5513349181490409,0.17881780648631887,-0.8424090566348593
5,579,-0.8424090566348593,-0.564775262914846,0.16784931990522436,-0.8424090566348593
5,580,-0.8424090566348593,-0.5621478277499186,0.16745111364777307,-0.8424090566348593
5,581,-0.8424090566348593,-0.566515055887459,0.22645869273381167,-0.8424090566348593
5,582,-0.8424090566348593,-0.5423864398488459,0.2425850878315811,-0.8424090566348593
5,583,-0.8424090566348593,-0.5365794321899855,0.26278164659664077,-0.8424090566348593
5,584,-0.8424090566348593,-0.6026756156035078,0.14635916626094514,-0.8424090566348593
5,585,-0.8424090566348593,-0.5409550873624546,0.2387773884598473,-0.8424090566348593
5,586,-0.8424090566348593,-0.5598704964190496,0.24347789678738807,-0.8424090566348593
5,587,-0.8424090566348593,-0.5326479805353508,0.22504945468792426,-0.8424090566348593
5,588,-0.8424090566348593,-0.5295269749697348,0.22502475366638441,-0.8424090566348593
5,589,-0.8424090566348593,-0.45736282463574635,0.3253763034470713,-0.8424090566348593
5,590,-0.8424090566348593,-0.4922281092930997,0.31167250287163145,-0.8424090566348593
5,591,-0.8424090566348593,-0.5754858457413828,0.16918077591156264,-0.8424090566348593
5,592,-0.8424090566348593,-0.5309883041125834,0.22328315025102152,-0.8424090566348593
5,593,-0.8424090566348593,-0.5201165619216308,0.23794047286579895,-0.8424090566348593
5,594,-0.8424090566348593,-0.48210779375430934,0.2651367137295333,-0.8424090566348593
5,595,-0.8424090566348593,-0.5134591930937621,0.25692913895698727,-0.8424090566348593
5,596,-0.8424090566348593,-0.5518787573795262,0.18917294531970355,-0.8424090566348593
5,597,-0.86017451847269,-0.6118214770653057,0.15931625438623812,-0.86017451847269
5,598,-0.86017451847269,-0.62312167470243,0.15722542485265534,-0.86017451847269
5,599,-0.86017451847269,-0.5933337454187487,0.20261180266530007,-0.86017451847269
5,600,-0.86017451847269,-0.5366466170390868,0.2981153572322976,-0.86017451847269
5,601,-0.86017451847269,-0.5417534342078306,0.27981009784219396,-0.86017451847269
5,602,-0.86017451847269,-0.561256801815755,0.2139353973828923,-0.86017451847269
5,603,-0.86017451847269,-0.5258090564031237,0.25450187135204827,-0.86017451847269
5,604,-0.86017451847269,-0.5563273988050079,0.20831226212726375,-0.86017451847269
5,605,-0.86017451847269,-0.5225205696996091,0.22198757987282491,-0.86017451847269
5,606,-0.86017451847269,-0.5169435597978331,0.2292968509379472,-0.86017451847269
5,607,-0.86017451847269,-0.5181560614640847,0.22334291795242184,-0.86017451847269
5,608,-0.86017451847269,-0.5207147794464853,0.2226858747447302,-0.86017451847269
5,609,-0.86017451847269,-0.504715609155168,0.25054931078914366,-0.86017451847269
5,610,-0.86017451847269,-0.5268564158195245,0.2156098179933001,-0.86017451847269
5,611,-0.86017451847269,-0.5193170211718394,0.21880276348004093,-0.86017451847269
5,612,-0.86017451847269,-0.5327764793965978,0.21234127259567684,-0.86017451847269
5,613,-0.86017451847269,-0.5210880777904846,0.2799929713865002,-0.86017451847269
5,614,-0.86017451847269,-0.5179438329726941,0.2812779966601131,-0.86017451847269
5,615,-0.86017451847269,-0.5363683451794988,0.2591182861505184,-0.86017451847269
5,616,-0.86017451847269,-0.561343675903964,0.26551118840148463,-0.86017451847269
5,617,-0.86017451847269,-0.5726484314572006,0.23708577120981633,-0.86017451847269
5,618,-0.8682020279873021,-0.6073087359100501,0.19330293003936652,-0.8682020279873021
5,619,-0.8682020279873021,-0.6129031033427952,0.1768453520816867,-0.8682020279873021
5,620,-0.8682020279873021,-0.6284174962003436,0.14671185264265915,-0.8682020279873021
5,621,-0.8682020279873021,-0.587889649890366,0.18382174116317887,-0.8682020279873021
5,622,-0.8682020279873021,-0.6337746014474828,0.13940520634876286,-0.8682020279873021
5,623,-0.8682020279873021,-0.599749374475298,0.19824056808838542,-0.8682020279873021
5,624,-0.8682020279873021,-0.5480371371901264,0.28703129481963024,-0.8682020279873021
5,625,-0.8682020279873021,-0.5722210208675663,0.23918853037506638,-0.8682020279873021
5,626,-0.8682020279873021,-0.6134019868941766,0.1701147045336839,-0.8682020279873021
5,627,-0.8682020279873021,-0.5307720589875798,0.2935293943020908,-0.8682020279873021
5,628,-0.8682020279873021,-0.5380416069452412,0.23021699225068334,-0.8682020279873021
5,629,-0.8682020279873021,-0.5054426772527625,0.26510726010165797,-0.8682020279873021
5,630,-0.8682020279873021,-0.5320003752225761,0.20138608258224253,-0.8682020279873021
5,631,-0.8682020279873021,-0.522712450985446,0.22253854023398043,-0.8682020279873021
5,632,-0.8682020279873021,-0.5693657864065352,0.16954738449110354,-0.8682020279873021
5,633,-0.8682020279873021,-0.535253073367554,0.2548835250054961,-0.8682020279873021
5,634,-0.8682020279873021,-0.5684900558624432,0.19726582814476262,-0.8682020279873021
5,635,-0.8682020279873021,-0.5694616404482685,0.20354295263165278,-0.8682020279873021
5,636,-0.8682020279873021,-0.583870728131174,0.22789044113691653,-0.8682020279873021
5,637,-0.8692990181178172,-0.6140121484435351,0.2329350889386499,-0.8692990181178172
5,638,-0.8888547802153849,-0.6223428319828912,0.2227660635836995,-0.8888547802153849
5,639,-0.8888547802153849,-0.5676010994206923,0.3357971805678584,-0.8888547802153849
5,640,-0.9312522497746868,-0.6133744256878053,0.2869060227720253,-0.9312522497746868
5,641,-0.9312522497746868,-0.569497881056136,0.3011956139183475,-0.9312522497746868
5,642,-0.9312522497746868,-0.627895040044443,0.22760623769774257,-0.9312522497746868
5,643,-0.9312522497746868,-0.6254700625870573,0.2279644230910907,-0.9312522497746868
5,644,-0.9312522497746868,-0.5602475981919969,0.3259003592929859,-0.9312522497746868
5,645,-0.9312522497746868,-0.6113188885954745,0.26883897371093424,-0.9312522497746868
5,646,-0.9312522497746868,-0.660453286797107,0.20845476589316494,-0.9312522497746868
5,647,-0.9312522497746868,-0.6402450047027329,0.22705425606180663,-0.9312522497746868
5,648,-0.9312522497746868,-0.6203278834347336,0.2722160058437941,-0.9312522497746868
5,649,-0.9312522497746868,-0.6060247376044712,0.2690619960158481,-0.9312522497746868
5,650,-0.9312522497746868,-0.6199380549216009,0.2421493838751439,-0.9312522497746868
5,651,-0.9312522497746868,-0.6316141802318274,0.18773007851516127,-0.9312522497746868
5,652,-0.9312522497746868,-0.5621147724888883,0.27501898561185645,-0.9312522497746868
5,653,-0.9312522497746868,-0.5755999580744119,0.28885511178491624,-0.9312522497746868
5,654,-0.9312522497746868,-0.5710614643030664,0.3061949327574741,-0.9312522497746868
5,655,-0.9312522497746868,-0.5594332465809208,0.2785936641988531,-0.9312522497746868
5,656,-0.9312522497746868,-0.5254951537853628,0.3098735082586963,-0.9312522497746868
5,657,-0.9312522497746868,-0.5193615837079154,0.32585465630812555,-0.9312522497746868
5,658,-0.9312522497746868,-0.5505419210889556,0.3016898883738054,-0.9312522497746868
5,659,-0.9312522497746868,-0.5684018880746518,0.30375051596362007,-0.9312522497746868
5,660,-0.9312522497746868,-0.5804129892520734,0.2913705860193816,-0.9312522497746868
5,661,-0.9312522497746868,-0.5866214537611858,0.29117227012997926,-0.9312522497746868
5,662,-0.9312522497746868,-0.579236163058052,0.31495339075156326,-0.9312522497746868
5,663,-0.9312522497746868,-0.6215337983564003,0.3131905186169125,-0.9312522497746868
5,664,-0.9312522497746868,-0.6016310576261853,0.27828304450284963,-0.9312522497746868
5,665,-0.9312522497746868,-0.605610340587959,0.3080860680412333,-0.9312522497746868
5,666,-0.9312522497746868,-0.6156250411729062,0.22344098450075245,-0.9312522497746868
5,667,-0.9312522497746868,-0.5874130374079826,0.24786108637860538,-0.9312522497746868
5,668,-0.9312522497746868,-0.5959317728436644,0.24242525218428154,-0.9312522497746868
5,669,-0.9312522497746868,-0.5870140917373349,0.25956069080894256,-0.9312522497746868
5,670,-0.9312522497746868,-0.5767952122324559,0.26015436282952936,-0.9312522497746868
5,671,-0.9312522497746868,-0.5548185769047074,0.30520753348501367,-0.9312522497746868
5,672,-0.9312522497746868,-0.5916960838863978,0.28544652366781453,-0.9312522497746868
5,673,-0.9312522497746868,-0.5413699106549047,0.3537576003557289,-0.9312522497746868
5,674,-0.9312522497746868,-0.5642794315466665,0.33033752405085604,-0.9312522497746868
5,675,-0.9312522497746868,-0.6341800828505932,0.22845804490915006,-0.9312522497746868
5,676,-0.9312522497746868,-0.6019935251401748,0.2489112380559565,-0.9312522497746868
5,677,-0.9394682111060388,-0.6296886987841082,0.2531411708815726,-0.9394682111060388
5,678,-0.9394682111060388,-0.6072421593925965,0.33286437714726824,-0.9394682111060388
5,679,-0.9394682111060388,-0.6444390388651126,0.2580003960953226,-0.9394682111060388
5,680,-0.9394682111060388,-0.7018354538557653,0.20277343369234965,-0.9394682111060388
5,681,-0.9394682111060388,-0.6560662891891046,0.24345502846906175,-0.9394682111060388
5,682,-0.9394682111060388,-0.6353333197757417,0.26361630435215033,-0.9394682111060388
5,683,-0.9394682111060388,-0.5967100279314932,0.28183150072938146,-0.9394682111060388
5,684,-0.9394682111060388,-0.5316218244889538,0.32008816439973603,-0.9394682111060388
5,685,-0.9394682111060388,-0.5430260787166756,0.37407381170685255,-0.9394682111060388
5,686,-0.9394682111060388,-0.6071728538530948,0.26432831250949845,-0.9394682111060388
5,687,-0.9394682111060388,-0.6076586678990331,0.26322256306310077,-0.9394682111060388
5,688,-0.9394682111060388,-0.6265538708342305,0.23987684534137685,-0.9394682111060388
5,689,-0.9394682111060388,-0.5979114312121807,0.3055506017761361,-0.9394682111060388
5,690,-0.9394682111060388,-0.5999565695070825,0.3261150583572922,-0.9394682111060388
5,691,-0.9394682111060388,-0.5900608007109104,0.28895110286153863,-0.9394682111060388
5,692,-0.9394682111060388,-0.5750558317079459,0.32698767160006115,-0.9394682111060388
5,693,-0.9394682111060388,-0.5500224567538617,0.34261942281301433,-0.9394682111060388
5,694,-0.9394682111060388,-0.6089517990369105,0.26847152791833845,-0.9394682111060388
5,695,-0.9394682111060388,-0.5981112967980775,0.27554422199765366,-0.9394682111060388
5,696,-0.9394682111060388,-0.610051258715631,0.25505439534382174,-0.9394682111060388
5,697,-0.9394682111060388,-0.6315305994433447,0.20975048096742832,-0.9394682111060388
5,698,-0.9394682111060388,-0.6271875770305307,0.2640978164649515,-0.9394682111060388
5,699,-0.9394682111060388,-0.6555718421827966,0.23876328684773332,-0.9394682111060388
5,700,-0.9394682111060388,-0.6430453122193996,0.2536943483756452,-0.9394682111060388
5,701,-0.9394682111060388,-0.6978167470419089,0.18237014852682157,-0.9394682111060388
5,702,-0.9394682111060388,-0.6620592829718759,0.24076454886874252,-0.9394682111060388
5,703,-0.9830407035665024,-0.6761790265524418,0.20860320672209354,-0.9830407035665024
5,704,-0.9830407035665024,-0.6304458921914141,0.25906577324154867,-0.9830407035665024
5,705,-0.9889232079553442,-0.6493524604367431,0.24275249529219062,-0.9889232079553442
5,706,-0.9889232079553442,-0.6645484904783838,0.232936169339244,-0.9889232079553442
5,707,-0.9889232079553442,-0.6831487616086953,0.2127908041201869,-0.9889232079553442
5,708,-0.9889232079553442,-0.7232625296030223,0.17565572393850482,-0.9889232079553442
5,709,-0.9889232079553442,-0.7008277677341805,0.23137013941424112,-0.9889232079553442
5,710,-0.9889232079553442,-0.6104556237931916,0.3532613980067162,-0.9889232079553442
5,711,-0.9889232079553442,-0.6516367729333107,0.2617069868999424,-0.9889232079553442
5,712,-0.9889232079553442,-0.6674499420782811,0.24777083717053855,-0.9889232079553442
5,713,-0.9889232079553442,-0.6651789057199478,0.24576557458060838,-0.9889232079553442
5,714,-0.9889232079553442,-0.6861600047340045,0.2032950556751694,-0.9889232079553442
5,715,-0.9889232079553442,-0.6469013276913678,0.22801846804364775,-0.9889232079553442
5,716,-0.9889232079553442,-0.5957584167401613,0.3446427121700596,-0.9889232079553442
5,717,-0.9889232079553442,-0.6215821639615265,0.2838751144752611,-0.9889232079553442
5,718,-0.9889232079553442,-0.6499331651840585,0.27179867977066824,-0.9889232079553442
5,719,-0.9889232079553442,-0.7123123640554007,0.1493179838966493,-0.9889232079553442
5,720,-0.9889232079553442,-0.674996653965642,0.24357213978430436,-0.9889232079553442
5,721,-0.9889232079553442,-0.7161551039298728,0.17313850419714483,-0.9889232079553442
5,722,-0.9889232079553442,-0.7071388688046407,0.2635254737331713,-0.9889232079553442
5,723,-0.9889232079553442,-0.6448844555456649,0.30605385652113015,-0.9889232079553442
5,724,-0.9889232079553442,-0.6064536759711129,0.33534484737592085,-0.9889232079553442
5,725,-0.9889232079553442,-0.6448679946494161,0.2306988976274389,-0.9889232079553442
5,726,-0.9889232079553442,-0.6495557967303628,0.2515892896310466,-0.9889232079553442
5,727,-0.9889232079553442,-0.6408823384099808,0.22419752972939136,-0.9889232079553442
5,728,-0.9889232079553442,-0.6216331527245171,0.24213890278999994,-0.9889232079553442
5,729,-0.9889232079553442,-0.5806003283715164,0.2732235511849017,-0.9889232079553442
5,730,-0.9889232079553442,-0.554563658856065,0.2744257512433187,-0.9889232079553442
5,731,-0.9889232079553442,-0.5748209924830827,0.2640873382934781,-0.9889232079553442
5,732,-0.9889232079553442,-0.6260166161501743,0.19366973211262964,-0.9889232079553442
5,733,-0.9889232079553442,-0.661514361118629,0.18027297590907992,-0.9889232079553442
5,734,-0.9889232079553442,-0.6031422318926793,0.3229869739843849,-0.9889232079553442
5,735,-0.9889232079553442,-0.6406877537482102,0.32720721246333007,-0.9889232079553442
5,736,-0.9889232079553442,-0.7114533224314105,0.22536440263895652,-0.9889232079553442
5,737,-0.9889232079553442,-0.6660009924814007,0.2807148818941782,-0.9889232079553442
5,738,-0.9889232079553442,-0.6832884235522411,0.20013020484451735,-0.9889232079553442
5,739,-0.9889232079553442,-0.7045757252897752,0.19149135651748914,-0.9889232079553442
5,740,-0.9889232079553442,-0.6849212510298748,0.2878359616798382,-0.9889232079553442
5,741,-0.9889232079553442,-0.6687613533066407,0.29292609813492926,-0.9889232079553442
5,742,-0.9889232079553442,-0.6937361754709598,0.27075814245102514,-0.9889232079553442
5,743,-0.9889232079553442,-0.7099023275383042,0.24357307343936332,-0.9889232079553442
5,744,-0.9904133466557862,-0.7585930693993556,0.17545747510687443,-0.9904133466557862
5,745,-1.0024981075935697,-0.6812168582325825,0.2904534019618083,-1.0024981075935697
5,746,-1.0024981075935697,-0.6122529993760792,0.3738013040867995,-1.0024981075935697
5,747,-1.0024981075935697,-0.6450622138061152,0.30812689238058066,-1.0024981075935697
5,748,-1.0024981075935697,-0.6521344230051589,0.3027150404402566,-1.0024981075935697
5,749,-1.0024981075935697,-0.6747332713145495,0.27876376424427945,-1.0024981075935697
5,750,-1.0024981075935697,-0.6988554620838536,0.27372473809580594,-1.0024981075935697
5,751,-1.0024981075935697,-0.6938793539005641,0.21540490290579722,-1.0024981075935697
5,752,-1.0024981075935697,-0.6998243915511357,0.1932034890681929,-1.0024981075935697
5,753,-1.0024981075935697,-0.6838573779890005,0.2188393223758781,-1.0024981075935697
5,754,-1.0024981075935697,-0.6911214566015382,0.2208467723551068,-1.0024981075935697
5,755,-1.0024981075935697,-0.6603878993436098,0.22300157252004052,-1.0024981075935697
5,756,-1.0024981075935697,-0.6415283661909672,0.25835344760913725,-1.0024981075935697
5,757,-1.0024981075935697,-0.7198621820713325,0.19957023990327658,-1.0024981075935697
5,758,-1.0024981075935697,-0.7356569917891138,0.17823040927361353,-1.0024981075935697
5,759,-1.0024981075935697,-0.660459901452194,0.3261577652150491,-1.0024981075935697
5,760,-1.0024981075935697,-0.6858607793103366,0.20639613131331194,-1.0024981075935697
5,761,-1.0024981075935697,-0.6459501117268357,0.3103407659237934,-1.0024981075935697
5,762,-1.0024981075935697,-0.6823933985627652,0.22652714468655125,-1.0024981075935697
5,763,-1.0024981075935697,-0.7173222439882941,0.2034369426510354,-1.0024981075935697
5,764,-1.0024981075935697,-0.7262521084365491,0.19563692472616154,-1.0024981075935697
5,765,-1.0024981075935697,-0.7098348936921369,0.19526416152607629,-1.0024981075935697
5,766,-1.0024981075935697,-0.6903436584727664,0.21936551664426587,-1.0024981075935697
5,767,-1.0024981075935697,-0.6743316626486962,0.24468125267683002,-1.0024981075935697
5,768,-1.0024981075935697,-0.6442635588016156,0.2670765208959135,-1.0024981075935697
5,769,-1.0024981075935697,-0.6948898591859898,0.2080636464426471,-1.0024981075935697
5,770,-1.0024981075935697,-0.6916200744967849,0.20505668800174723,-1.0024981075935697
5,771,-1.0024981075935697,-0.665890746378425,0.24072690186298581,-1.0024981075935697
5,772,-1.0024981075935697,-0.7008331549410679,0.21887174050043096,-1.0024981075935697
5,773,-1.0024981075935697,-0.6635915737308757,0.2695752488608683,-1.0024981075935697
5,774,-1.0024981075935697,-0.6304916075024987,0.31227037652617606,-1.0024981075935697
5,775,-1.0024981075935697,-0.6290797953295153,0.36150064002784354,-1.0024981075935697
5,776,-1.0024981075935697,-0.6234103794499567,0.270983564656112,-1.0024981075935697
5,777,-1.0024981075935697,-0.6464064698963661,0.24580674299703906,-1.0024981075935697
5,778,-1.0024981075935697,-0.6779217949934289,0.21963808581848954,-1.0024981075935697
5,779,-1.0024981075935697,-0.5949182751818494,0.3219835503886852,-1.0024981075935697
5,780,-1.0024981075935697,-0.6161010164332397,0.3306499997538887,-1.0024981075935697
5,781,-1.0024981075935697,-0.5678444670789984,0.36614384158700514,-1.0024981075935697
5,782,-1.0024981075935697,-0.5105587617532366,0.37558643541837866,-1.0024981075935697
5,783,-1.0024981075935697,-0.561235181525436,0.30650866399285875,-1.0024981075935697
5,784,-1.0024981075935697,-0.6063966261308654,0.30295914229240406,-1.0024981075935697
5,785,-1.0024981075935697,-0.60079531326433,0.2991931479223682,-1.0024981075935697
5,786,-1.0024981075935697,-0.5972329789755756,0.3015394578852085,-1.0024981075935697
5,787,-1.0024981075935697,-0.6288100037466182,0.2321191823497418,-1.0024981075935697
5,788,-1.0024981075935697,-0.5982173295707334,0.2338297907987054,-1.0024981075935697
5,789,-1.0024981075935697,-0.6568441688853237,0.2099256549993926,-1.0024981075935697
5,790,-1.0024981075935697,-0.6827751166965044,0.19241095902515498,-1.0024981075935697
5,791,-1.0024981075935697,-0.6554048348223952,0.2098056150701536,-1.0024981075935697
5,792,-1.0024981075935697,-0.6907957231233796,0.20801407247548212,-1.0024981075935697
5,793,-1.0024981075935697,-0.7014535789182539,0.18389999501836934,-1.0024981075935697
5,794,-1.0024981075935697,-0.7099096168266097,0.18424131861517054,-1.0024981075935697
5,795,-1.0024981075935697,-0.7145271528573887,0.18862943520491673,-1.0024981075935697
5,796,-1.0024981075935697,-0.714992294414493,0.19701731062069813,-1.0024981075935697
5,797,-1.0024981075935697,-0.7250800932318698,0.1913915332922226,-1.0024981075935697
5,798,-1.0259480385286301,-0.7419502962725458,0.18373423111158452,-1.0259480385286301
5,799,-1.0259480385286301,-0.6985245710733666,0.26516707507446174,-1.0259480385286301
5,800,-1.0259480385286301,-0.6469673963812311,0.3019327008471845,-1.0259480385286301
5,801,-1.0259480385286301,-0.673415853465595,0.24381268009587712,-1.0259480385286301
5,802,-1.0259480385286301,-0.693095187604565,0.2190867488514759,-1.0259480385286301
5,803,-1.0259480385286301,-0.7389334716863875,0.18076592511461853,-1.0259480385286301
5,804,-1.0259480385286301,-0.7145066175716206,0.28572345374905656,-1.0259480385286301
5,805,-1.0259480385286301,-0.7327139480814627,0.2419880802483079,-1.0259480385286301
5,806,-1.0259480385286301,-0.7276023778658184,0.2458782797063559,-1.0259480385286301
5,807,-1.0259480385286301,-0.7131753717520611,0.2679383963154504,-1.0259480385286301
5,808,-1.0660858291121573,-0.7446140677880331,0.2594827147431374,-1.0660858291121573
5,809,-1.0660858291121573,-0.7344967324612613,0.24335574927882334,-1.0660858291121573
5,810,-1.0660858291121573,-0.7298962064940608,0.24716422718911527,-1.0660858291121573
5,811,-1.0660858291121573,-0.7376563204223486,0.20467599423433844,-1.0660858291121573
5,812,-1.0660858291121573,-0.715371974411111,0.2084823500844292,-1.0660858291121573
5,813,-1.0660858291121573,-0.6977530413785572,0.23850525291701363,-1.0660858291121573
5,814,-1.0660858291121573,-0.7133742900225276,0.23985875359241748,-1.0660858291121573
5,815,-1.0660858291121573,-0.7286587532043344,0.19877345000876978,-1.0660858291121573
5,816,-1.0660858291121573,-0.739828046595898,0.19537869121035586,-1.0660858291121573
5,817,-1.0660858291121573,-0.7263774897312865,0.217319731075993,-1.0660858291121573
5,818,-1.0660858291121573,-0.6916399740163711,0.23556102413565358,-1.0660858291121573
5,819,-1.0660858291121573,-0.7139104435299808,0.22918004462363392,-1.0660858291121573
5,820,-1.0660858291121573,-0.6870046727485798,0.24528831392947714,-1.0660858291121573
5,821,-1.0660858291121573,-0.6676264550192846,0.2806707445182045,-1.0660858291121573
5,822,-1.0660858291121573,-0.6398949718039183,0.2975907765044724,-1.0660858291121573
5,823,-1.0660858291121573,-0.6528928268189895,0.28041914324483785,-1.0660858291121573
5,824,-1.0660858291121573,-0.6993722186053211,0.27063252276998184,-1.0660858291121573
5,825,-1.0660858291121573,-0.728366421673558,0.2327684454623899,-1.0660858291121573
5,826,-1.0660858291121573,-0.6638377515719244,0.37017661097221594,-1.0660858291121573
5,827,-1.0660858291121573,-0.7062058794191005,0.2653191165281638,-1.0660858291121573
5,828,-1.0660858291121573,-0.6897164526533601,0.2728653884901982,-1.0660858291121573
5,829,-1.0660858291121573,-0.6886553883860024,0.2656609165295125,-1.0660858291121573
5,830,-1.0660858291121573,-0.70968968330276,0.2197463855683325,-1.0660858291121573
5,831,-1.0660858291121573,-0.7331623350140676,0.19734716338472263,-1.0660858291121573
5,832,-1.0660858291121573,-0.7607519719317956,0.18438646319414753,-1.0660858291121573
5,833,-1.0660858291121573,-0.7510775310548705,0.24471417711141544,-1.0660858291121573
5,834,-1.0660858291121573,-0.7180487495298915,0.3055684403748775,-1.0660858291121573
5,835,-1.0660858291121573,-0.6738457935543728,0.428922121617935,-1.0660858291121573
5,836,-1.0660858291121573,-0.6893443364205872,0.35094391345126585,-1.0660858291121573
5,837,-1.0660858291121573,-0.6935194409814437,0.35426362830483005,-1.0660858291121573
5,838,-1.0660858291121573,-0.6637419638840918,0.406548426627695,-1.0660858291121573
5,839,-1.0660858291121573,-0.7450166090409358,0.33724751219073545,-1.0660858291121573
5,840,-1.0660858291121573,-0.7472638604722147,0.2623996360061544,-1.0660858291121573
5,841,-1.0660858291121573,-0.7221756720129258,0.2794132950257029,-1.0660858291121573
5,842,-1.0745628866263242,-0.7678468224544525,0.253239640840725,-1.0745628866263242
5,843,-1.0745628866263242,-0.7163038727470634,0.2942064021517759,-1.0745628866263242
5,844,-1.0745628866263242,-0.7249118321342906,0.263139805042092,-1.0745628866263242
5,845,-1.0745628866263242,-0.7350215823394909,0.31882269818495657,-1.0745628866263242
5,846,-1.0745628866263242,-0.7088906380345006,0.33800024241842563,-1.0745628866263242
5,847,-1.0745628866263242,-0.7483553743181935,0.23966291887038943,-1.0745628866263242
5,848,-1.0745628866263242,-0.789683555306832,0.24849402409186505,-1.0745628866263242
5,849,-1.0745628866263242,-0.7132807521264236,0.36575230160978656,-1.0745628866263242
5,850,-1.074639457955994,-0.7698207543219338,0.2899643470303921,-1.074639457955994
5,851,-1.074639457955994,-0.7732241283698778,0.2834756431972849,-1.074639457955994
5,852,-1.074639457955994,-0.7328993373210549,0.3724291015720757,-1.074639457955994
5,853,-1.074639457955994,-0.6775449459369843,0.35992281906129864,-1.074639457955994
5,854,-1.074639457955994,-0.7162820148636797,0.3227009415265363,-1.074639457955994
5,855,-1.074639457955994,-0.7251402380207473,0.27294550071168455,-1.074639457955994
5,856,-1.081401439248138,-0.7586299727648699,0.2722837748831233,-1.081401439248138
5,857,-1.081401439248138,-0.7501843288093063,0.29916396246810095,-1.081401439248138
5,858,-1.081401439248138,-0.7862255803067828,0.30951800444888755,-1.081401439248138
5,859,-1.081401439248138,-0.7415897025453881,0.39064313678294876,-1.081401439248138
5,860,-1.081401439248138,-0.7752074513845553,0.2962810520191384,-1.081401439248138
5,861,-1.081401439248138,-0.799425391003507,0.2798336675591968,-1.081401439248138
5,862,-1.081401439248138,-0.7497814812396381,0.3270596803987038,-1.081401439248138
5,863,-1.081401439248138,-0.8250491008628682,0.24816825267755857,-1.081401439248138
5,864,-1.081401439248138,-0.8437919059360511,0.24164907121343,-1.081401439248138
5,865,-1.081401439248138,-0.8038503689742177,0.32504684544403883,-1.081401439248138
5,866,-1.081401439248138,-0.7891015175629817,0.28946732192606855,-1.081401439248138
5,867,-1.081401439248138,-0.6892541418521672,0.42780643136281116,-1.081401439248138
5,868,-1.081401439248138,-0.8113883934995992,0.2611698153414158,-1.081401439248138
5,869,-1.081401439248138,-0.8124877622070298,0.2690326855207007,-1.081401439248138
5,870,-1.0889114621962555,-0.8116476674449636,0.27326311162904887,-1.0889114621962555
5,871,-1.0889114621962555,-0.8325873888950863,0.2425897963391995,-1.0889114621962555
5,872,-1.0889114621962555,-0.7844922964125752,0.29110144594432014,-1.0889114621962555
5,873,-1.116374951135893,-0.809023348095188,0.28488743177193937,-1.116374951135893
5,874,-1.116374951135893,-0.813439153956041,0.2534326023196547,-1.116374951135893
5,875,-1.116374951135893,-0.8307984600688577,0.2447755585915648,-1.116374951135893
5,876,-1.116374951135893,-0.8135429931063619,0.3436749885281841,-1.116374951135893
5,877,-1.116374951135893,-0.8666116654058091,0.22104562576797013,-1.116374951135893
5,878,-1.116374951135893,-0.8748275561890274,0.22493602905087257,-1.116374951135893
5,879,-1.116374951135893,-0.8575643204013531,0.31898315791958415,-1.116374951135893
5,880,-1.116374951135893,-0.9202125974323369,0.1871848356102772,-1.116374951135893
5,881,-1.116374951135893,-0.9034324731763854,0.21160495973933544,-1.116374951135893
5,882,-1.116374951135893,-0.9533200332404547,0.12038235178614531,-1.116374951135893
5,883,-1.116374951135893,-0.873790780351571,0.2887262197730885,-1.116374951135893
5,884,-1.116374951135893,-0.8380742267101143,0.3506341764153794,-1.116374951135893
5,885,-1.116374951135893,-0.8856453297073911,0.26936338137665944,-1.116374951135893
5,886,-1.116374951135893,-0.885355532306478,0.2539481025900254,-1.116374951135893
5,887,-1.116374951135893,-0.926587615183828,0.17765341731453477,-1.116374951135893
5,888,-1.116374951135893,-0.9118184015999216,0.18979405824094134,-1.116374951135893
5,889,-1.116374951135893,-0.8680220664124635,0.23064800725267398,-1.116374951135893
5,890,-1.116374951135893,-0.8643609908438525,0.21855589733695896,-1.116374951135893
5,891,-1.116374951135893,-0.8901073559948208,0.23564568313788642,-1.116374951135893
5,892,-1.1180245218158107,-0.8920594400270616,0.2584945703971132,-1.1180245218158107
5,893,-1.1180245218158107,-0.8537414057542775,0.3350192001653706,-1.1180245218158107
5,894,-1.1180245218158107,-0.8688342036051329,0.27194146864185026,-1.1180245218158107
5,895,-1.1180245218158107,-0.8779654726674817,0.24691722272430222,-1.1180245218158107
5,896,-1.1180245218158107,-0.9117373360978681,0.2095029890565845,-1.1180245218158107
5,897,-1.1180245218158107,-0.904529401405032,0.20770317509823982,-1.1180245218158107
5,898,-1.1180245218158107,-0.8181135867373069,0.3630493287602495,-1.1180245218158107
5,899,-1.1180245218158107,-0.760913775280107,0.4377618801000905,-1.1180245218158107
5,900,-1.1180245218158107,-0.7730057768138934,0.3852824763491989,-1.1180245218158107
5,901,-1.1180245218158107,-0.7670571938633887,0.40608895591942046,-1.1180245218158107
5,902,-1.1180245218158107,-0.7985822270359688,0.37523194636397794,-1.1180245218158107
5,903,-1.1180245218158107,-0.7296034688043882,0.4407961616200557,-1.1180245218158107
5,904,-1.1180245218158107,-0.7652524863943435,0.40536134751801284,-1.1180245218158107
5,905,-1.1180245218158107,-0.7912525322520271,0.3280516860915345,-1.1180245218158107
5,906,-1.1180245218158107,-0.7810026069000366,0.40083552975442155,-1.1180245218158107
5,907,-1.1180245218158107,-0.796458751015342,0.2849921530220268,-1.1180245218158107
5,908,-1.1180245218158107,-0.8856488601925778,0.1854032165728536,-1.1180245218158107
5,909,-1.1180245218158107,-0.8577161658860494,0.29001763939044567,-1.1180245218158107
5,910,-1.1180245218158107,-0.8637894480982855,0.23461468695785218,-1.1180245218158107
5,911,-1.1180245218158107,-0.851352428837773,0.3400016865653032,-1.1180245218158107
5,912,-1.1180245218158107,-0.841788012645656,0.30791254375396027,-1.1180245218158107
5,913,-1.1180245218158107,-0.910235497901873,0.2002427547438794,-1.1180245218158107
5,914,-1.1180245218158107,-0.8511978739094127,0.2662401353171772,-1.1180245218158107
5,915,-1.1180245218158107,-0.8145730196523313,0.3567809061864328,-1.1180245218158107
5,916,-1.1180245218158107,-0.9217175623625982,0.17771348273779305,-1.1180245218158107
5,917,-1.1180245218158107,-0.9064295881599519,0.21302656868468686,-1.1180245218158107
5,918,-1.1238043919865632,-0.9527341041797196,0.17275131375695552,-1.1238043919865632
5,919,-1.1238043919865632,-0.8921620733787496,0.2822295314076718,-1.1238043919865632
5,920,-1.1238043919865632,-0.8658007978316002,0.2747201771435783,-1.1238043919865632
5,921,-1.1238043919865632,-0.8315560422646998,0.24332124195365068,-1.1238043919865632
5,922,-1.1238043919865632,-0.829706189893523,0.2551600198192445,-1.1238043919865632
5,923,-1.1238043919865632,-0.7696431391459768,0.32867504114969004,-1.1238043919865632
5,924,-1.1238043919865632,-0.7720801447891742,0.29203709195076877,-1.1238043919865632
5,925,-1.1238043919865632,-0.8117429504948395,0.28281972206918676,-1.1238043919865632
5,926,-1.1238043919865632,-0.7335188186192408,0.36282309600450896,-1.1238043919865632
5,927,-1.1238043919865632,-0.7878857304125436,0.33228823105683325,-1.1238043919865632
5,928,-1.1238043919865632,-0.7771218074822092,0.35059250060870684,-1.1238043919865632
5,929,-1.1238043919865632,-0.7874598659223132,0.3297806730368415,-1.1238043919865632
5,930,-1.1238043919865632,-0.8783229678453178,0.2400750958403801,-1.1238043919865632
5,931,-1.1238043919865632,-0.8755603563442312,0.2439924398735796,-1.1238043919865632
5,932,-1.1238043919865632,-0.8941157658217516,0.20431631817832338,-1.1238043919865632
5,933,-1.1238043919865632,-0.905489453126949,0.19323757606061792,-1.1238043919865632
5,934,-1.1238043919865632,-0.9055310868576214,0.21535474720731856,-1.1238043919865632
5,935,-1.1238043919865632,-0.8655595660798521,0.37072371420930167,-1.1238043919865632
5,936,-1.1238043919865632,-0.8222139632821589,0.4286118474777857,-1.1238043919865632
5,937,-1.1238043919865632,-0.905569186462876,0.21958955054539947,-1.1238043919865632
5,938,-1.1238043919865632,-0.9029159757371522,0.24009248558158547,-1.1238043919865632
5,939,-1.1238043919865632,-0.9234856202697369,0.2745233265408144,-1.1238043919865632
5,940,-1.1238043919865632,-0.9826560109737978,0.13694676255161345,-1.1238043919865632
5,941,-1.1238043919865632,-0.9315600151159741,0.1854178634432662,-1.1238043919865632
5,942,-1.1238043919865632,-0.8663629934406906,0.34964560082849433,-1.1238043919865632
5,943,-1.1238043919865632,-0.8827089803464605,0.3530904907545807,-1.1238043919865632
5,944,-1.1238043919865632,-0.8400116202544955,0.4015924211732877,-1.1238043919865632
5,945,-1.1238043919865632,-0.8463220869865263,0.39462113692294926,-1.1238043919865632
5,946,-1.1238043919865632,-0.8587233126304592,0.35853778973540323,-1.1238043919865632
5,947,-1.1238043919865632,-0.8516208573429105,0.28084907659923364,-1.1238043919865632
5,948,-1.1238043919865632,-0.8622786884877987,0.26606251654940866,-1.1238043919865632
5,949,-1.1238043919865632,-0.8087523273591031,0.35145268391098833,-1.1238043919865632
5,950,-1.1238043919865632,-0.8207049881409674,0.3205282664034766,-1.1238043919865632
5,951,-1.1238043919865632,-0.8285927326055688,0.32641549769527817,-1.1238043919865632
5,952,-1.1238043919865632,-0.926275369321878,0.19696672470166388,-1.1238043919865632
5,953,-1.1238043919865632,-0.8398728898744812,0.29472798967099495,-1.1238043919865632
5,954,-1.1238043919865632,-0.8673265330468517,0.2586906641623424,-1.1238043919865632
5,955,-1.1238043919865632,-0.8178385088762604,0.3899676343487571,-1.1238043919865632
5,956,-1.1238043919865632,-0.8908109894106055,0.2437780441427171,-1.1238043919865632
5,957,-1.1238043919865632,-0.8826157971062701,0.2558564640489503,-1.1238043919865632
5,958,-1.1238043919865632,-0.7133537657991481,0.5048305214158026,-1.1238043919865632
5,959,-1.1238043919865632,-0.6826135896127831,0.45376281167518545,-1.1238043919865632
5,960,-1.1238043919865632,-0.760077432056849,0.35381320749291845,-1.1238043919865632
5,961,-1.1238043919865632,-0.7118123741099971,0.4563307854747483,-1.1238043919865632
5,962,-1.1238043919865632,-0.8065331086845894,0.3155527471107436,-1.1238043919865632
5,963,-1.1238043919865632,-0.8296151831537859,0.2919286093337916,-1.1238043919865632
5,964,-1.1238043919865632,-0.8842417536201673,0.2297553814319098,-1.1238043919865632
5,965,-1.1238043919865632,-0.8589900680780523,0.3017888636473438,-1.1238043919865632
5,966,-1.1238043919865632,-0.842289807860027,0.2658582740579897,-1.1238043919865632
5,967,-1.1557310859759862,-0.8852025328101891,0.2132634270588839,-1.1557310859759862
5,968,-1.1557310859759862,-0.8205459522233169,0.2967524064225553,-1.1557310859759862
5,969,-1.1557310859759862,-0.8585056588443958,0.2722104422756295,-1.1557310859759862
5,970,-1.1557310859759862,-0.8884468698993769,0.2246622121864601,-1.1557310859759862
5,971,-1.1557310859759862,-0.8787576317523035,0.2588680545474256,-1.1557310859759862
5,972,-1.1557310859759862,-0.8723866708308791,0.3121706197684107,-1.1557310859759862
5,973,-1.1557310859759862,-0.842089865990268,0.31023121733631026,-1.1557310859759862
5,974,-1.1557310859759862,-0.8185308807659387,0.33834461620134376,-1.1557310859759862
5,975,-1.1557310859759862,-0.8580222394897175,0.31679616971808533,-1.1557310859759862
5,976,-1.1557310859759862,-0.8520270473240389,0.3449288723346291,-1.1557310859759862
5,977,-1.1557310859759862,-0.8936606326098144,0.2154847418747795,-1.1557310859759862
5,978,-1.1557310859759862,-0.8317138078104154,0.3786372853516272,-1.1557310859759862
5,979,-1.1557310859759862,-0.8035971185280378,0.4414550100591716,-1.1557310859759862
5,980,-1.1557310859759862,-0.8005004871767951,0.3752705234243597,-1.1557310859759862
5,981,-1.1557310859759862,-0.917197943050285,0.19454201781219782,-1.1557310859759862
5,982,-1.1557310859759862,-0.913849022370227,0.20919809231086317,-1.1557310859759862
5,983,-1.1557310859759862,-0.8788651040227874,0.2041106257122547,-1.1557310859759862
5,984,-1.1557310859759862,-0.8534848584622856,0.29601240686858454,-1.1557310859759862
5,985,-1.1557310859759862,-0.8662549961456053,0.24623357135385443,-1.1557310859759862
5,986,-1.1557310859759862,-0.8875862097847718,0.20438869662264003,-1.1557310859759862
5,987,-1.1557310859759862,-0.8780735144717986,0.21174448031965332,-1.1557310859759862
5,988,-1.1557310859759862,-0.8704473723197216,0.24521318459005206,-1.1557310859759862
5,989,-1.1557310859759862,-0.8368738066432849,0.35287624679863183,-1.1557310859759862
5,990,-1.1557310859759862,-0.8105184606082836,0.35393340846483895,-1.1557310859759862
5,991,-1.1557310859759862,-0.8072252126044267,0.3599837166837654,-1.1557310859759862
5,992,-1.1557310859759862,-0.8500552596698826,0.3331777772622314,-1.1557310859759862
5,993,-1.1557310859759862,-0.8501439293850906,0.34111004015833857,-1.1557310859759862
5,994,-1.1557310859759862,-0.7900962221876534,0.4501005343609252,-1.1557310859759862
5,995,-1.1557310859759862,-0.8427149386443802,0.30761099389300445,-1.1557310859759862
5,996,-1.1557310859759862,-0.7693852675376729,0.43199805212542886,-1.1557310859759862
5,997,-1.1557310859759862,-0.8330927176695047,0.2986309878489259,-1.1557310859759862
5,998,-1.1557310859759862,-0.8080995364733657,0.3248700633672243,-1.1557310859759862
5,999,-1.1557310859759862,-0.7297530720008303,0.3843131180351899,-1.1557310859759862
5,1000,-1.1557310859759862,-0.6743994825051237,0.3694803146037011,-1.1557310859759862
5,1001,-1.1557310859759862,-0.7005576356866434,0.3733284405179385,-1.1557310859759862
5,1002,-1.1557310859759862,-0.7368738300101724,0.3358662012706483,-1.1557310859759862
5,1003,-1.1557310859759862,-0.6929815012705842,0.418366227616057,-1.1557310859759862
5,1004,-1.1557310859759862,-0.7524116947191755,0.35193701894858626,-1.1557310859759862
5,1005,-1.1557310859759862,-0.750079799283639,0.3362529835325083,-1.1557310859759862
5,1006,-1.1557310859759862,-0.7804455670225156,0.3139451147973499,-1.1557310859759862
5,1007,-1.1557310859759862,-0.8077845757492934,0.29734557102081854,-1.1557310859759862
5,1008,-1.1557310859759862,-0.7788184927304065,0.3077299765499452,-1.1557310859759862
5,1009,-1.1557310859759862,-0.7284548213999871,0.3725053858500647,-1.1557310859759862
5,1010,-1.1557310859759862,-0.7073731349693243,0.38572710244275676,-1.1557310859759862
5,1011,-1.1557310859759862,-0.7240333460854459,0.3871062517623883,-1.1557310859759862
5,1012,-1.1557310859759862,-0.7847039907315325,0.2912034609068618,-1.1557310859759862
5,1013,-1.1557310859759862,-0.7972615599975175,0.25878944624193667,-1.1557310859759862
5,1014,-1.1557310859759862,-0.8380627890180071,0.23021662087580308,-1.1557310859759862
5,1015,-1.1557310859759862,-0.8092189583214444,0.3155462315201825,-1.1557310859759862
5,1016,-1.1557310859759862,-0.7894592999965617,0.3506131566509028,-1.1557310859759862
5,1017,-1.1557310859759862,-0.8334096605810253,0.2968184975600346,-1.1557310859759862
5,1018,-1.1557310859759862,-0.8069829455159887,0.28286535562125187,-1.1557310859759862
5,1019,-1.1557310859759862,-0.8227690975161674,0.25616037072640174,-1.1557310859759862
5,1020,-1.1557310859759862,-0.7674287946699817,0.3739482263752603,-1.1557310859759862
5,1021,-1.1557310859759862,-0.7749764390538169,0.3543803325803573,-1.1557310859759862
5,1022,-1.1557310859759862,-0.8374844139557708,0.20966064482316718,-1.1557310859759862
5,1023,-1.1557310859759862,-0.836873831424498,0.21265368792897715,-1.1557310859759862
5,1024,-1.1557310859759862,-0.8523015493760356,0.23267732644984673,-1.1557310859759862
5,1025,-1.1557310859759862,-0.864597370119766,0.2305463329511026,-1.1557310859759862
5,1026,-1.1557310859759862,-0.8546262407586924,0.2547130029039009,-1.1557310859759862
5,1027,-1.1557310859759862,-0.8431384714857502,0.2870563531634882,-1.1557310859759862
5,1028,-1.1557310859759862,-0.8820259701463793,0.20211666472586848,-1.1557310859759862
5,1029,-1.1557310859759862,-0.8343703269074196,0.2630899540739605,-1.1557310859759862
5,1030,-1.1557310859759862,-0.7785207962846692,0.36117555140187685,-1.1557310859759862
5,1031,-1.1557310859759862,-0.8197433995748988,0.3125643081572322,-1.1557310859759862
5,1032,-1.1557310859759862,-0.8658409276100237,0.2933492286509803,-1.1557310859759862
5,1033,-1.1557310859759862,-0.808641773525623,0.3708522783574834,-1.1557310859759862
5,1034,-1.1557310859759862,-0.879034823616604,0.28358151544723825,-1.1557310859759862
5,1035,-1.1557310859759862,-0.8836821598330042,0.228734227213217,-1.1557310859759862
5,1036,-1.1557310859759862,-0.8589401520569563,0.34257717220951545,-1.1557310859759862
5,1037,-1.1557310859759862,-0.8566266317842026,0.30053364922222997,-1.1557310859759862
5,1038,-1.1557310859759862,-0.8108171188297778,0.3919888799835108,-1.1557310859759862
5,1039,-1.1557310859759862,-0.872713909176689,0.31422113181305783,-1.1557310859759862
5,1040,-1.1557310859759862,-0.8790133772127253,0.2922135534401905,-1.1557310859759862
5,1041,-1.1557310859759862,-0.871933818866842,0.32175669666755385,-1.1557310859759862
5,1042,-1.1557310859759862,-0.8416283762006651,0.3624403699790949,-1.1557310859759862
5,1043,-1.1557310859759862,-0.925840126270287,0.23406243905892496,-1.1557310859759862
5,1044,-1.1557310859759862,-0.8906841194070642,0.28890589171832626,-1.1557310859759862
5,1045,-1.1557310859759862,-0.8767083616534079,0.3050187113283469,-1.1557310859759862
5,1046,-1.1557310859759862,-0.794614823248529,0.43957210584861517,-1.1557310859759862
5,1047,-1.1557310859759862,-0.7418477385499045,0.49839502224029314,-1.1557310859759862
5,1048,-1.1557310859759862,-0.7701513888464891,0.4214045790317681,-1.1557310859759862
5,1049,-1.1557310859759862,-0.7690718015955161,0.41324691346171427,-1.1557310859759862
5,1050,-1.1557310859759862,-0.8159922439042487,0.35096338829729584,-1.1557310859759862
5,1051,-1.1557310859759862,-0.8439668879815836,0.33397641751014584,-1.1557310859759862
5,1052,-1.1557310859759862,-0.9014735842075117,0.21931733685503624,-1.1557310859759862
5,1053,-1.1557310859759862,-0.8831267953438167,0.2787822886654039,-1.1557310859759862
5,1054,-1.1557310859759862,-0.8301282656523351,0.30642986062564215,-1.1557310859759862
5,1055,-1.1557310859759862,-0.8386429895444866,0.2819055644262537,-1.1557310859759862
5,1056,-1.1557310859759862,-0.790506341146802,0.33034236368526004,-1.1557310859759862
5,1057,-1.1557310859759862,-0.7331144545977373,0.36816644113574887,-1.1557310859759862
5,1058,-1.1557310859759862,-0.8216818653379644,0.2724439704385276,-1.1557310859759862
5,1059,-1.1557310859759862,-0.8503068211834549,0.27120726589546007,-1.1557310859759862
5,1060,-1.1557310859759862,-0.90322538607222,0.23255033461188954,-1.1557310859759862
5,1061,-1.1557310859759862,-0.8689138982520694,0.22472456242222966,-1.1557310859759862
5,1062,-1.1557310859759862,-0.7187084449268192,0.4466413096648635,-1.1557310859759862
5,1063,-1.1557310859759862,-0.8253133940231511,0.3592362599288035,-1.1557310859759862
5,1064,-1.1557310859759862,-0.8819841847688917,0.21183355093192419,-1.1557310859759862
5,1065,-1.1557310859759862,-0.8258109010539061,0.31057616460095283,-1.1557310859759862
5,1066,-1.1557310859759862,-0.8144791332933163,0.3090148543561877,-1.1557310859759862
5,1067,-1.1557310859759862,-0.8473313037318714,0.28333940602737145,-1.1557310859759862
5,1068,-1.1557310859759862,-0.7739925797374092,0.40917287224493326,-1.1557310859759862
5,1069,-1.1557310859759862,-0.7730164871494808,0.35359178314329714,-1.1557310859759862
5,1070,-1.1557310859759862,-0.7755618632716608,0.37728042097743203,-1.1557310859759862
5,1071,-1.1557310859759862,-0.8501526357487186,0.2789481928960471,-1.1557310859759862
5,1072,-1.1557310859759862,-0.8233180539042949,0.3594361476865561,-1.1557310859759862
5,1073,-1.1557310859759862,-0.7817151106229048,0.341796797040455,-1.1557310859759862
5,1074,-1.1557310859759862,-0.7583557376484454,0.3652179304644168,-1.1557310859759862
5,1075,-1.1557310859759862,-0.7752393396861825,0.3980797286760918,-1.1557310859759862
5,1076,-1.1557310859759862,-0.8354379390035879,0.2661211015010613,-1.1557310859759862
5,1077,-1.1557310859759862,-0.9024216992168517,0.2127156033448923,-1.1557310859759862
5,1078,-1.1557310859759862,-0.8855411719115068,0.23482682685580505,-1.1557310859759862
5,1079,-1.1557310859759862,-0.8059354951048384,0.3223384237848836,-1.1557310859759862
5,1080,-1.1557310859759862,-0.707763441723882,0.479085789625678,-1.1557310859759862
5,1081,-1.1557310859759862,-0.8431486684361654,0.2653649455817097,-1.1557310859759862
5,1082,-1.1557310859759862,-0.8347439188854587,0.2801909644550297,-1.1557310859759862
5,1083,-1.1557310859759862,-0.8558331786255042,0.2635881353623603,-1.1557310859759862
5,1084,-1.1557310859759862,-0.9285285476039389,0.1889476425321958,-1.1557310859759862
5,1085,-1.1557310859759862,-0.9367598985037049,0.19073380090136863,-1.1557310859759862
5,1086,-1.1557310859759862,-0.8429397751845848,0.37036782905590504,-1.1557310859759862
5,1087,-1.1557310859759862,-0.8145560125108811,0.39336792660494135,-1.1557310859759862
5,1088,-1.1557310859759862,-0.7787422032508957,0.37779128628069497,-1.1557310859759862
5,1089,-1.1557310859759862,-0.7599744084110628,0.4088685506895277,-1.1557310859759862
5,1090,-1.1557310859759862,-0.8402456535732129,0.3713993321439606,-1.1557310859759862
5,1091,-1.1557310859759862,-0.9133785741329772,0.23260147078202167,-1.1557310859759862
5,1092,-1.1557310859759862,-0.8871691973869678,0.22788771338258018,-1.1557310859759862
5,1093,-1.1557310859759862,-0.8703159271716022,0.2149762465880725,-1.1557310859759862
5,1094,-1.1557310859759862,-0.8571546419011842,0.23637756130246027,-1.1557310859759862
5,1095,-1.1557310859759862,-0.8816716340134706,0.2116690699722891,-1.1557310859759862
5,1096,-1.1557310859759862,-0.82542580053591,0.34753892407145864,-1.1557310859759862
5,1097,-1.1557310859759862,-0.83868803186817,0.35490781363953916,-1.1557310859759862
5,1098,-1.1557310859759862,-0.8693571250097967,0.3230451347478812,-1.1557310859759862
5,1099,-1.1557310859759862,-0.9045290579480938,0.2067377008789303,-1.1557310859759862
5,1100,-1.1557310859759862,-0.8833594407062562,0.3413520947163104,-1.1557310859759862
5,1101,-1.1557310859759862,-0.8234799007085708,0.3310321262174038,-1.1557310859759862
5,1102,-1.1557310859759862,-0.7949290445870862,0.3460516107537015,-1.1557310859759862
5,1103,-1.1557310859759862,-0.8474751165955781,0.2131539455468988,-1.1557310859759862
5,1104,-1.1557310859759862,-0.8146701782603218,0.3282752924266041,-1.1557310859759862
5,1105,-1.1557310859759862,-0.8592031362348024,0.2386793221255712,-1.1557310859759862
5,1106,-1.1557310859759862,-0.8257057927857613,0.3157466939646546,-1.1557310859759862
5,1107,-1.1557310859759862,-0.7670343509480811,0.3960977204189104,-1.1557310859759862
5,1108,-1.1557310859759862,-0.8654019650364912,0.2721174504012434,-1.1557310859759862
5,1109,-1.1557310859759862,-0.7934459059674366,0.4191486442883402,-1.1557310859759862
5,1110,-1.1557310859759862,-0.8486567686726217,0.3399001433141115,-1.1557310859759862
5,1111,-1.1557310859759862,-0.8240770288652948,0.352719980366453,-1.1557310859759862
5,1112,-1.1557310859759862,-0.8307043793102735,0.34830509761711687,-1.1557310859759862
5,1113,-1.1557310859759862,-0.8258494840765543,0.3854320855796363,-1.1557310859759862
5,1114,-1.1557310859759862,-0.860125938324147,0.35198491858097963,-1.1557310859759862
5,1115,-1.1557310859759862,-0.8291837144370182,0.370875461830683,-1.1557310859759862
5,1116,-1.1557310859759862,-0.8209830577829668,0.36599087497985,-1.1557310859759862
5,1117,-1.1557310859759862,-0.8964890450324275,0.25480118397869644,-1.1557310859759862
5,1118,-1.1557310859759862,-0.8500172465216593,0.2919879673953263,-1.1557310859759862
5,1119,-1.1557310859759862,-0.8554149795117094,0.2687027666229004,-1.1557310859759862
5,1120,-1.1557310859759862,-0.8725682949061188,0.25201787258538577,-1.1557310859759862
5,1121,-1.1557310859759862,-0.915621791036172,0.2354011462944846,-1.1557310859759862
5,1122,-1.1557310859759862,-0.942497675715684,0.19869028732957272,-1.1557310859759862
5,1123,-1.1557310859759862,-0.8911085255995682,0.27460073249365674,-1.1557310859759862
5,1124,-1.1557310859759862,-0.7847029889543926,0.5081642483118259,-1.1557310859759862
5,1125,-1.1557310859759862,-0.8942860557775043,0.2523127090531946,-1.1557310859759862
5,1126,-1.1557310859759862,-0.8919347763947024,0.25359540531889024,-1.1557310859759862
5,1127,-1.1557310859759862,-0.7364500151655679,0.48007453117838494,-1.1557310859759862
5,1128,-1.1557310859759862,-0.8265123588264102,0.3500928916330344,-1.1557310859759862
5,1129,-1.1557310859759862,-0.8241403473783807,0.35588595697115044,-1.1557310859759862
5,1130,-1.1557310859759862,-0.805221684292701,0.39329869866304557,-1.1557310859759862
5,1131,-1.1557310859759862,-0.7856319798760466,0.3837094453745501,-1.1557310859759862
5,1132,-1.1557310859759862,-0.8259419432155946,0.3485156612845246,-1.1557310859759862
5,1133,-1.158568626442628,-0.8163010226951086,0.36733100270481284,-1.158568626442628
5,1134,-1.158568626442628,-0.8198469131018131,0.36286642011221465,-1.158568626442628
5,1135,-1.158568626442628,-0.7367342622134385,0.42481259237187957,-1.158568626442628
5,1136,-1.158568626442628,-0.777285002374837,0.37677684436803205,-1.158568626442628
5,1137,-1.158568626442628,-0.8046811267031526,0.39523490200553546,-1.158568626442628
5,1138,-1.158568626442628,-0.7514270357209687,0.4591220800173087,-1.158568626442628
5,1139,-1.158568626442628,-0.7754116187768924,0.45881341759310185,-1.158568626442628
5,1140,-1.158568626442628,-0.8563847153332882,0.317515308967823,-1.158568626442628
5,1141,-1.158568626442628,-0.8123308812410073,0.3975057676370602,-1.158568626442628
5,1142,-1.158568626442628,-0.8415949497501384,0.35627571417244525,-1.158568626442628
5,1143,-1.158568626442628,-0.8022082619225088,0.37053873319064246,-1.158568626442628
5,1144,-1.158568626442628,-0.7778098379209258,0.46658669964734195,-1.158568626442628
5,1145,-1.158568626442628,-0.8012282036029393,0.40683883990190506,-1.158568626442628
5,1146,-1.158568626442628,-0.8101399593672975,0.3285338421741765,-1.158568626442628
5,1147,-1.158568626442628,-0.8330888447499731,0.3550786099581252,-1.158568626442628
5,1148,-1.158568626442628,-0.7964059720182117,0.3592844630452433,-1.158568626442628
5,1149,-1.158568626442628,-0.8117850202773763,0.36664201783611705,-1.158568626442628
5,1150,-1.158568626442628,-0.8312728015965352,0.37116507420873196,-1.158568626442628
5,1151,-1.158568626442628,-0.8318769734268988,0.3270309083560637,-1.158568626442628
5,1152,-1.158568626442628,-0.8277166370802874,0.34513141376245493,-1.158568626442628
5,1153,-1.158568626442628,-0.8324763088343566,0.3230125583361719,-1.158568626442628
5,1154,-1.158568626442628,-0.8304251164751157,0.4120889158745349,-1.158568626442628
5,1155,-1.158568626442628,-0.8147558737627912,0.42529047947671816,-1.158568626442628
5,1156,-1.158568626442628,-0.8047811839818365,0.42454782175333006,-1.158568626442628
5,1157,-1.158568626442628,-0.7854142943083353,0.4728421289409032,-1.158568626442628
5,1158,-1.158568626442628,-0.8057338783298091,0.3926931295099691,-1.158568626442628
5,1159,-1.158568626442628,-0.8431750694268849,0.48390209556618846,-1.158568626442628
5,1160,-1.158568626442628,-0.8844613901587769,0.3499305804770858,-1.158568626442628
5,1161,-1.158568626442628,-0.838529845111075,0.38539227402642817,-1.158568626442628
5,1162,-1.158568626442628,-0.8037165956800449,0.36195340841144447,-1.158568626442628
5,1163,-1.158568626442628,-0.8329847878760879,0.2957625826226516,-1.158568626442628
5,1164,-1.158568626442628,-0.7593317295191006,0.4799324232555114,-1.158568626442628
5,1165,-1.158568626442628,-0.7651112096619788,0.4342043786344134,-1.158568626442628
5,1166,-1.158568626442628,-0.8004514274164886,0.3553858016126777,-1.158568626442628
5,1167,-1.158568626442628,-0.7849505683526599,0.4573020331687251,-1.158568626442628
